view_id,user_id,content_id,watch_date,watch_time_minutes,completion_percent,device_type,subscription_plan,user_rating,city,internet_speed_mbps,recommendation_source
VIEW300000,USR200000,NFX101147,2023-04-14,83,36,TV,Premium,5,Toronto,257,Trending
VIEW300001,USR200001,NFX100018,2023-06-23,29,74,TV,Standard,2,Seoul,293,Homepage
VIEW300002,USR200002,NFX101045,2024-03-01,81,43,TV,Standard,4,London,216,Email
VIEW300003,USR200003,NFX100988,2023-12-22,82,90,TV,Standard,2,Mumbai,181,Email
VIEW300004,USR200004,NFX100449,2024-06-26,80,71,Mobile,Basic,5,Seoul,25,Trending
VIEW300005,USR200005,NFX100551,2024-04-29,87,71,TV,Premium,4,New York,56,Homepage
VIEW300006,USR200006,NFX101071,2024-04-14,37,47,Mobile,Basic,3,Delhi,237,Search
VIEW300007,USR200007,NFX100694,2023-03-08,139,35,TV,Standard,1,Seoul,127,Search
VIEW300008,USR200008,NFX100586,2023-12-26,130,33,Mobile,Basic,5,Mumbai,104,Search
VIEW300009,USR200009,NFX100720,2024-03-12,52,48,Mobile,Premium,1,Seoul,218,Email
VIEW300010,USR200010,NFX100106,2023-10-14,17,30,Mobile,Premium,1,London,139,Homepage
VIEW300011,USR200011,NFX100775,2023-06-08,22,56,Laptop,Basic,2,London,222,Trending
VIEW300012,USR200012,NFX101109,2023-10-08,120,57,Mobile,Standard,5,Mumbai,92,Email
VIEW300013,USR200013,NFX101160,2024-02-07,44,22,Mobile,Basic,1,London,284,Email
VIEW300014,USR200014,NFX100897,2024-03-29,32,12,TV,Standard,3,Seoul,44,Search
VIEW300015,USR200015,NFX100335,2023-05-30,55,41,Mobile,Premium,4,Delhi,244,Homepage
VIEW300016,USR200016,NFX100606,2024-04-19,24,44,Mobile,Basic,5,Seoul,140,Homepage
VIEW300017,USR200017,NFX100837,2023-05-21,139,28,Tablet,Premium,2,Delhi,186,Search
VIEW300018,USR200018,NFX100601,2023-03-31,70,23,Laptop,Standard,5,London,269,Search
VIEW300019,USR200019,NFX100402,2024-07-01,124,57,Tablet,Standard,2,Seoul,263,Search
VIEW300020,USR200020,NFX100539,2024-07-13,73,95,TV,Basic,4,London,186,Email
VIEW300021,USR200021,NFX101095,2023-12-01,61,90,Laptop,Basic,3,Delhi,25,Email
VIEW300022,USR200022,NFX100023,2023-08-25,173,77,Laptop,Basic,1,London,200,Email
VIEW300023,USR200023,NFX100623,2024-02-17,78,54,Tablet,Premium,5,Toronto,216,Trending
VIEW300024,USR200024,NFX101079,2024-05-03,76,28,Laptop,Standard,2,New York,20,Trending
VIEW300025,USR200025,NFX100985,2024-04-13,92,73,Tablet,Standard,4,Seoul,206,Homepage
VIEW300026,USR200026,NFX100222,2024-03-09,11,75,Mobile,Premium,1,Toronto,222,Search
VIEW300027,USR200027,NFX100178,2023-04-08,87,88,Tablet,Basic,4,London,97,Search
VIEW300028,USR200028,NFX100799,2023-10-14,37,75,Laptop,Basic,3,London,137,Email
VIEW300029,USR200029,NFX100433,2023-06-21,63,84,Laptop,Premium,1,New York,143,Trending
VIEW300030,USR200030,NFX100792,2023-07-31,76,54,TV,Standard,1,London,161,Search
VIEW300031,USR200031,NFX100883,2024-06-24,173,96,TV,Standard,1,New York,74,Homepage
VIEW300032,USR200032,NFX100491,2024-03-18,111,83,TV,Standard,2,Seoul,19,Search
VIEW300033,USR200033,NFX100809,2024-07-07,129,76,TV,Standard,1,Delhi,239,Email
VIEW300034,USR200034,NFX100960,2023-01-12,162,78,Laptop,Premium,4,New York,216,Email
VIEW300035,USR200035,NFX100419,2024-01-24,57,12,TV,Standard,2,New York,294,Trending
VIEW300036,USR200036,NFX100648,2024-03-04,176,47,Tablet,Premium,1,Toronto,64,Homepage
VIEW300037,USR200037,NFX101187,2023-09-01,56,86,Mobile,Basic,4,London,256,Homepage
VIEW300038,USR200038,NFX100475,2024-02-02,30,51,Laptop,Premium,4,Seoul,6,Search
VIEW300039,USR200039,NFX100169,2024-03-14,167,92,TV,Standard,5,Delhi,240,Homepage
VIEW300040,USR200040,NFX100173,2023-05-14,101,49,Laptop,Basic,4,Mumbai,23,Search
VIEW300041,USR200041,NFX100469,2023-07-20,168,59,TV,Premium,3,New York,53,Search
VIEW300042,USR200042,NFX100344,2023-04-07,130,44,Laptop,Premium,1,Mumbai,82,Trending
VIEW300043,USR200043,NFX100444,2023-06-27,125,33,TV,Premium,1,London,32,Homepage
VIEW300044,USR200044,NFX101041,2024-04-29,163,97,Mobile,Basic,1,New York,52,Email
VIEW300045,USR200045,NFX101093,2024-06-10,159,26,TV,Premium,4,Mumbai,100,Search
VIEW300046,USR200046,NFX100627,2023-04-19,158,49,Tablet,Standard,4,Toronto,169,Search
VIEW300047,USR200047,NFX100591,2023-07-11,10,83,Laptop,Basic,1,Mumbai,180,Search
VIEW300048,USR200048,NFX100526,2023-11-26,174,75,Laptop,Basic,2,Toronto,77,Homepage
VIEW300049,USR200049,NFX100455,2023-07-31,86,53,Tablet,Premium,2,Delhi,33,Homepage
VIEW300050,USR200050,NFX100810,2024-07-11,94,32,Tablet,Standard,3,London,161,Homepage
VIEW300051,USR200051,NFX100187,2023-11-24,55,15,Mobile,Basic,5,Seoul,283,Search
VIEW300052,USR200052,NFX101020,2023-05-07,146,75,Laptop,Premium,3,Mumbai,287,Email
VIEW300053,USR200053,NFX100710,2023-06-23,154,30,Mobile,Standard,1,New York,11,Email
VIEW300054,USR200054,NFX100528,2024-02-22,56,44,Laptop,Premium,1,London,186,Homepage
VIEW300055,USR200055,NFX100433,2023-08-02,68,38,Laptop,Premium,1,Mumbai,113,Email
VIEW300056,USR200056,NFX100287,2023-12-20,63,16,Mobile,Basic,5,New York,210,Search
VIEW300057,USR200057,NFX100498,2024-08-07,95,62,Laptop,Basic,4,New York,238,Homepage
VIEW300058,USR200058,NFX100302,2023-06-29,21,46,Laptop,Premium,5,Seoul,191,Homepage
VIEW300059,USR200059,NFX100086,2023-02-01,15,32,Mobile,Basic,3,Seoul,12,Search
VIEW300060,USR200060,NFX100829,2024-04-21,62,17,TV,Basic,4,New York,57,Homepage
VIEW300061,USR200061,NFX100437,2023-10-06,153,85,Mobile,Standard,4,Seoul,203,Search
VIEW300062,USR200062,NFX100540,2023-11-12,99,57,Laptop,Standard,3,New York,141,Homepage
VIEW300063,USR200063,NFX101045,2024-01-18,14,19,Tablet,Premium,4,Mumbai,263,Email
VIEW300064,USR200064,NFX100832,2023-04-10,82,88,TV,Premium,2,Delhi,176,Homepage
VIEW300065,USR200065,NFX100796,2023-12-26,23,33,Tablet,Premium,3,Seoul,90,Homepage
VIEW300066,USR200066,NFX100559,2023-09-22,115,99,TV,Premium,3,Toronto,50,Homepage
VIEW300067,USR200067,NFX100761,2024-02-05,61,56,Tablet,Standard,2,Toronto,190,Trending
VIEW300068,USR200068,NFX100466,2023-11-05,125,62,TV,Basic,5,Toronto,160,Email
VIEW300069,USR200069,NFX101124,2024-05-25,35,48,Mobile,Standard,5,Delhi,13,Search
VIEW300070,USR200070,NFX100674,2023-11-13,62,76,TV,Premium,5,New York,119,Trending
VIEW300071,USR200071,NFX100684,2024-07-31,118,75,TV,Premium,4,New York,158,Email
VIEW300072,USR200072,NFX101164,2023-01-24,38,15,TV,Standard,2,London,134,Homepage
VIEW300073,USR200073,NFX100137,2023-11-02,28,30,Laptop,Standard,3,Toronto,85,Homepage
VIEW300074,USR200074,NFX100577,2024-04-14,56,82,Tablet,Premium,3,Toronto,294,Search
VIEW300075,USR200075,NFX100709,2023-03-25,145,83,Mobile,Basic,3,New York,151,Search
VIEW300076,USR200076,NFX100227,2024-06-16,32,45,Tablet,Premium,4,Toronto,299,Email
VIEW300077,USR200077,NFX100280,2024-01-06,126,12,Tablet,Standard,4,New York,273,Email
VIEW300078,USR200078,NFX100683,2023-10-23,115,97,Mobile,Premium,5,New York,137,Search
VIEW300079,USR200079,NFX100827,2023-08-04,172,95,Laptop,Premium,4,Seoul,54,Email
VIEW300080,USR200080,NFX100430,2023-10-28,62,87,TV,Basic,5,New York,27,Search
VIEW300081,USR200081,NFX101063,2023-02-03,105,51,Laptop,Premium,5,Mumbai,92,Homepage
VIEW300082,USR200082,NFX100301,2023-04-10,14,54,Laptop,Premium,3,Mumbai,116,Search
VIEW300083,USR200083,NFX101109,2024-08-18,25,53,TV,Premium,4,Mumbai,115,Trending
VIEW300084,USR200084,NFX100532,2023-11-07,26,42,Tablet,Standard,5,Mumbai,76,Search
VIEW300085,USR200085,NFX100768,2023-11-24,169,69,TV,Standard,2,Delhi,158,Search
VIEW300086,USR200086,NFX100443,2023-06-13,111,95,Mobile,Basic,2,London,61,Trending
VIEW300087,USR200087,NFX101056,2024-08-22,29,92,TV,Premium,4,London,261,Trending
VIEW300088,USR200088,NFX100259,2023-03-16,121,92,Tablet,Standard,3,New York,160,Trending
VIEW300089,USR200089,NFX100738,2023-10-03,129,79,Laptop,Basic,3,Toronto,117,Trending
VIEW300090,USR200090,NFX100795,2023-08-26,120,92,Laptop,Premium,5,Mumbai,51,Search
VIEW300091,USR200091,NFX100069,2023-07-25,10,86,TV,Basic,4,London,242,Email
VIEW300092,USR200092,NFX100982,2023-06-24,67,35,Mobile,Basic,2,London,110,Trending
VIEW300093,USR200093,NFX100480,2023-11-07,102,95,Tablet,Basic,5,Mumbai,191,Homepage
VIEW300094,USR200094,NFX101167,2023-07-31,15,30,Laptop,Basic,5,Delhi,163,Search
VIEW300095,USR200095,NFX100023,2023-06-24,117,11,TV,Basic,1,Delhi,202,Email
VIEW300096,USR200096,NFX100964,2023-12-03,112,56,Mobile,Basic,4,London,181,Homepage
VIEW300097,USR200097,NFX100745,2024-08-20,59,39,Mobile,Basic,5,Delhi,265,Search
VIEW300098,USR200098,NFX100844,2023-05-04,127,36,Laptop,Premium,2,Seoul,291,Search
VIEW300099,USR200099,NFX101198,2023-09-01,119,80,Laptop,Premium,1,Mumbai,297,Homepage
VIEW300100,USR200100,NFX100324,2023-02-20,97,29,Tablet,Basic,2,London,147,Trending
VIEW300101,USR200101,NFX100797,2024-04-17,29,59,Mobile,Premium,3,Mumbai,201,Trending
VIEW300102,USR200102,NFX100017,2023-09-03,23,32,Tablet,Basic,1,Delhi,229,Homepage
VIEW300103,USR200103,NFX100043,2024-03-27,142,22,Mobile,Premium,1,Mumbai,47,Email
VIEW300104,USR200104,NFX100154,2024-01-23,178,90,Mobile,Standard,5,Delhi,155,Trending
VIEW300105,USR200105,NFX100866,2023-11-03,49,13,TV,Basic,3,Delhi,67,Search
VIEW300106,USR200106,NFX100921,2024-07-20,43,23,Laptop,Standard,5,Mumbai,134,Search
VIEW300107,USR200107,NFX100742,2023-08-04,133,29,Mobile,Basic,4,Delhi,259,Email
VIEW300108,USR200108,NFX100224,2023-05-27,54,22,Tablet,Basic,2,Seoul,218,Search
VIEW300109,USR200109,NFX100216,2023-09-10,89,12,Laptop,Standard,2,New York,77,Trending
VIEW300110,USR200110,NFX100030,2023-04-30,80,99,Tablet,Standard,5,Mumbai,108,Email
VIEW300111,USR200111,NFX101082,2024-06-16,164,99,Laptop,Standard,2,New York,162,Trending
VIEW300112,USR200112,NFX100897,2023-04-01,87,91,Laptop,Basic,2,Mumbai,276,Email
VIEW300113,USR200113,NFX100934,2023-02-04,87,87,Mobile,Standard,4,Delhi,242,Homepage
VIEW300114,USR200114,NFX100444,2024-01-01,42,56,TV,Standard,3,Delhi,162,Search
VIEW300115,USR200115,NFX101130,2023-01-04,42,12,Mobile,Premium,1,London,113,Email
VIEW300116,USR200116,NFX100529,2023-12-28,53,10,Laptop,Premium,5,Seoul,13,Homepage
VIEW300117,USR200117,NFX100737,2023-04-05,29,99,Mobile,Standard,5,London,63,Trending
VIEW300118,USR200118,NFX100873,2023-08-25,120,33,Mobile,Standard,4,New York,196,Homepage
VIEW300119,USR200119,NFX100565,2024-04-25,173,44,Laptop,Standard,4,Delhi,140,Trending
VIEW300120,USR200120,NFX100075,2024-05-09,16,23,Laptop,Standard,1,London,255,Email
VIEW300121,USR200121,NFX100546,2023-11-28,169,76,Mobile,Premium,3,Delhi,150,Email
VIEW300122,USR200122,NFX100266,2024-06-08,176,22,Mobile,Basic,5,Mumbai,62,Search
VIEW300123,USR200123,NFX100316,2023-09-01,33,56,Mobile,Standard,4,London,181,Search
VIEW300124,USR200124,NFX101144,2024-08-12,79,59,Tablet,Standard,5,New York,292,Email
VIEW300125,USR200125,NFX100024,2023-07-26,121,87,Mobile,Premium,2,London,249,Trending
VIEW300126,USR200126,NFX100159,2024-05-14,113,94,Tablet,Standard,5,Delhi,52,Trending
VIEW300127,USR200127,NFX100595,2023-11-15,63,35,TV,Standard,3,Toronto,104,Email
VIEW300128,USR200128,NFX101137,2024-03-23,47,12,Tablet,Premium,3,Toronto,217,Trending
VIEW300129,USR200129,NFX100899,2023-06-04,83,60,Mobile,Standard,5,Seoul,169,Email
VIEW300130,USR200130,NFX100501,2023-08-12,89,49,TV,Standard,2,Delhi,130,Search
VIEW300131,USR200131,NFX101189,2023-01-25,41,77,Tablet,Premium,3,Mumbai,125,Trending
VIEW300132,USR200132,NFX101012,2024-07-20,54,45,Tablet,Basic,4,London,92,Search
VIEW300133,USR200133,NFX100702,2023-06-24,70,60,Laptop,Standard,5,Toronto,221,Homepage
VIEW300134,USR200134,NFX101198,2024-08-12,62,10,TV,Standard,2,Mumbai,65,Search
VIEW300135,USR200135,NFX100000,2023-05-25,137,42,Laptop,Basic,4,Delhi,183,Homepage
VIEW300136,USR200136,NFX100740,2024-07-23,85,16,TV,Premium,5,Mumbai,194,Search
VIEW300137,USR200137,NFX101109,2024-01-29,36,61,Tablet,Basic,2,Delhi,167,Search
VIEW300138,USR200138,NFX100319,2024-02-17,175,20,Laptop,Standard,4,Seoul,85,Trending
VIEW300139,USR200139,NFX100381,2023-12-01,71,36,Mobile,Basic,3,London,174,Search
VIEW300140,USR200140,NFX100897,2024-01-06,27,23,Tablet,Premium,5,Mumbai,200,Email
VIEW300141,USR200141,NFX100716,2023-04-11,136,95,TV,Standard,5,London,207,Trending
VIEW300142,USR200142,NFX100306,2024-04-22,118,89,TV,Premium,3,Mumbai,51,Trending
VIEW300143,USR200143,NFX101167,2023-09-17,112,55,Laptop,Premium,1,Delhi,162,Trending
VIEW300144,USR200144,NFX100390,2023-05-13,86,85,Laptop,Basic,4,Delhi,198,Search
VIEW300145,USR200145,NFX101192,2024-04-10,126,19,TV,Basic,3,Mumbai,283,Trending
VIEW300146,USR200146,NFX100989,2023-03-02,113,33,Tablet,Premium,5,Seoul,273,Homepage
VIEW300147,USR200147,NFX100297,2023-06-22,167,70,Laptop,Premium,4,Delhi,203,Homepage
VIEW300148,USR200148,NFX100232,2023-11-29,58,27,Mobile,Standard,4,New York,228,Search
VIEW300149,USR200149,NFX100270,2023-12-06,178,95,TV,Premium,1,New York,267,Trending
VIEW300150,USR200150,NFX101083,2023-03-26,125,18,Mobile,Premium,5,London,170,Email
VIEW300151,USR200151,NFX100676,2024-03-17,150,26,TV,Basic,2,New York,184,Email
VIEW300152,USR200152,NFX100705,2023-04-16,171,67,Mobile,Premium,1,New York,196,Homepage
VIEW300153,USR200153,NFX100233,2024-07-08,109,22,Tablet,Premium,1,Seoul,220,Search
VIEW300154,USR200154,NFX100844,2023-02-06,134,59,TV,Basic,2,Seoul,288,Search
VIEW300155,USR200155,NFX100490,2024-04-13,34,15,Tablet,Standard,2,Toronto,111,Search
VIEW300156,USR200156,NFX100502,2023-06-27,137,94,Laptop,Basic,1,Toronto,102,Search
VIEW300157,USR200157,NFX100889,2023-10-26,109,60,TV,Basic,4,Seoul,234,Search
VIEW300158,USR200158,NFX100591,2024-01-01,155,45,Tablet,Premium,3,Toronto,261,Trending
VIEW300159,USR200159,NFX100745,2023-02-25,14,80,Mobile,Premium,3,Seoul,47,Trending
VIEW300160,USR200160,NFX100427,2023-06-24,28,34,Tablet,Standard,1,Toronto,246,Trending
VIEW300161,USR200161,NFX100696,2023-10-25,179,20,TV,Premium,4,Delhi,46,Email
VIEW300162,USR200162,NFX100645,2024-01-20,27,53,Tablet,Standard,2,Seoul,99,Trending
VIEW300163,USR200163,NFX100731,2023-05-26,130,23,Mobile,Standard,1,London,258,Search
VIEW300164,USR200164,NFX100799,2023-03-18,41,38,Mobile,Standard,5,London,192,Search
VIEW300165,USR200165,NFX100363,2023-01-27,158,83,Mobile,Standard,4,Seoul,171,Email
VIEW300166,USR200166,NFX100201,2023-04-05,19,59,Laptop,Premium,5,New York,275,Email
VIEW300167,USR200167,NFX100881,2024-04-18,46,14,TV,Basic,5,London,129,Homepage
VIEW300168,USR200168,NFX100145,2024-07-08,95,81,Mobile,Basic,1,New York,165,Email
VIEW300169,USR200169,NFX100835,2024-07-20,22,78,Laptop,Premium,4,London,91,Homepage
VIEW300170,USR200170,NFX100638,2024-02-12,154,97,Mobile,Premium,5,Mumbai,230,Trending
VIEW300171,USR200171,NFX100134,2023-06-30,18,66,Tablet,Standard,4,Mumbai,149,Search
VIEW300172,USR200172,NFX100625,2024-03-06,97,35,TV,Premium,3,Seoul,252,Homepage
VIEW300173,USR200173,NFX100063,2024-05-08,55,15,Tablet,Basic,5,London,10,Homepage
VIEW300174,USR200174,NFX100490,2024-02-21,145,25,Laptop,Premium,5,Delhi,35,Homepage
VIEW300175,USR200175,NFX100040,2024-04-28,128,69,Tablet,Premium,4,New York,201,Email
VIEW300176,USR200176,NFX101026,2023-05-19,174,21,Tablet,Standard,3,London,236,Email
VIEW300177,USR200177,NFX100912,2023-04-19,28,84,Mobile,Standard,5,Seoul,139,Email
VIEW300178,USR200178,NFX100974,2024-06-13,103,12,Tablet,Standard,1,New York,17,Homepage
VIEW300179,USR200179,NFX101133,2023-05-21,35,72,Mobile,Standard,4,Toronto,8,Trending
VIEW300180,USR200180,NFX100367,2023-06-12,55,73,Mobile,Basic,4,Seoul,182,Search
VIEW300181,USR200181,NFX100917,2023-03-07,127,71,TV,Premium,5,London,238,Email
VIEW300182,USR200182,NFX101027,2023-05-25,55,15,Laptop,Premium,3,Delhi,263,Trending
VIEW300183,USR200183,NFX100243,2023-11-05,23,28,Laptop,Standard,5,Toronto,144,Email
VIEW300184,USR200184,NFX100901,2023-02-04,94,27,Laptop,Basic,2,Seoul,69,Email
VIEW300185,USR200185,NFX100165,2023-09-16,72,89,Mobile,Basic,5,London,287,Homepage
VIEW300186,USR200186,NFX101049,2023-11-13,81,96,Laptop,Premium,2,Mumbai,209,Homepage
VIEW300187,USR200187,NFX101040,2023-05-04,12,52,Mobile,Standard,1,London,21,Email
VIEW300188,USR200188,NFX100727,2023-02-17,37,82,TV,Premium,4,Mumbai,204,Search
VIEW300189,USR200189,NFX101115,2024-02-20,134,12,Laptop,Premium,4,Mumbai,36,Email
VIEW300190,USR200190,NFX100482,2023-05-23,166,81,Mobile,Basic,3,Seoul,216,Search
VIEW300191,USR200191,NFX100542,2023-10-31,96,47,Laptop,Basic,5,London,277,Trending
VIEW300192,USR200192,NFX100930,2024-07-01,155,77,Laptop,Premium,1,London,294,Email
VIEW300193,USR200193,NFX100399,2023-05-13,172,85,TV,Standard,2,Mumbai,295,Search
VIEW300194,USR200194,NFX100618,2023-06-12,86,53,Tablet,Standard,3,New York,238,Trending
VIEW300195,USR200195,NFX101169,2023-06-08,85,98,Laptop,Premium,1,Toronto,186,Trending
VIEW300196,USR200196,NFX100878,2023-03-29,123,89,TV,Premium,1,Delhi,150,Homepage
VIEW300197,USR200197,NFX100100,2023-09-11,142,72,Laptop,Standard,2,London,54,Trending
VIEW300198,USR200198,NFX100879,2023-11-09,84,51,Laptop,Standard,2,Toronto,107,Homepage
VIEW300199,USR200199,NFX100829,2024-06-26,68,73,Laptop,Standard,4,Toronto,37,Trending
VIEW300200,USR200200,NFX100758,2023-01-07,68,63,Laptop,Premium,5,New York,93,Trending
VIEW300201,USR200201,NFX100162,2023-12-06,56,87,Tablet,Basic,3,Toronto,245,Search
VIEW300202,USR200202,NFX101196,2023-12-05,104,86,Tablet,Standard,5,London,270,Search
VIEW300203,USR200203,NFX100501,2023-10-12,150,80,Laptop,Standard,3,Seoul,227,Homepage
VIEW300204,USR200204,NFX100546,2023-05-24,87,85,Laptop,Standard,1,Seoul,240,Email
VIEW300205,USR200205,NFX100380,2023-11-05,122,46,TV,Premium,2,Toronto,157,Search
VIEW300206,USR200206,NFX100869,2023-03-31,118,13,TV,Basic,2,London,61,Trending
VIEW300207,USR200207,NFX100904,2023-01-06,115,11,Mobile,Basic,1,London,116,Homepage
VIEW300208,USR200208,NFX101186,2023-04-15,98,53,Tablet,Standard,1,Mumbai,19,Homepage
VIEW300209,USR200209,NFX101001,2023-08-24,42,76,Laptop,Premium,3,New York,273,Homepage
VIEW300210,USR200210,NFX100608,2024-08-02,106,77,Tablet,Basic,1,Delhi,118,Trending
VIEW300211,USR200211,NFX100306,2023-12-09,88,85,TV,Premium,3,Mumbai,256,Search
VIEW300212,USR200212,NFX100054,2023-12-14,25,92,Tablet,Basic,5,Delhi,146,Email
VIEW300213,USR200213,NFX100982,2023-09-24,53,83,Tablet,Standard,2,London,118,Homepage
VIEW300214,USR200214,NFX100332,2023-10-05,129,71,Laptop,Premium,2,Seoul,294,Trending
VIEW300215,USR200215,NFX100126,2024-02-08,143,10,Laptop,Standard,2,Mumbai,29,Search
VIEW300216,USR200216,NFX100704,2023-08-25,117,26,TV,Basic,5,Toronto,259,Search
VIEW300217,USR200217,NFX100242,2023-03-06,152,25,Laptop,Basic,5,Toronto,272,Email
VIEW300218,USR200218,NFX100599,2024-07-17,13,18,TV,Standard,4,Delhi,130,Homepage
VIEW300219,USR200219,NFX100502,2023-06-21,65,62,TV,Basic,3,London,254,Trending
VIEW300220,USR200220,NFX100603,2023-08-14,73,82,Mobile,Standard,3,Seoul,291,Search
VIEW300221,USR200221,NFX100302,2023-10-22,171,68,Mobile,Standard,4,Delhi,57,Trending
VIEW300222,USR200222,NFX100234,2024-02-25,104,18,Mobile,Standard,2,Seoul,47,Search
VIEW300223,USR200223,NFX101061,2023-06-15,65,21,Tablet,Basic,3,New York,170,Homepage
VIEW300224,USR200224,NFX100138,2023-10-14,41,50,Mobile,Premium,3,Seoul,46,Homepage
VIEW300225,USR200225,NFX100194,2023-06-16,125,24,Laptop,Standard,2,Toronto,180,Email
VIEW300226,USR200226,NFX100646,2023-02-06,18,75,Laptop,Premium,1,Mumbai,71,Search
VIEW300227,USR200227,NFX100000,2023-12-17,114,84,Mobile,Basic,1,Mumbai,70,Trending
VIEW300228,USR200228,NFX100560,2024-02-28,87,20,Tablet,Basic,4,Mumbai,87,Search
VIEW300229,USR200229,NFX101119,2023-10-06,170,17,TV,Premium,5,Seoul,109,Trending
VIEW300230,USR200230,NFX100712,2023-01-16,96,64,Tablet,Standard,3,Toronto,291,Email
VIEW300231,USR200231,NFX100412,2023-09-14,30,15,Tablet,Basic,3,Seoul,190,Search
VIEW300232,USR200232,NFX100537,2024-06-24,64,62,TV,Standard,4,London,288,Homepage
VIEW300233,USR200233,NFX100428,2023-07-05,85,29,TV,Standard,4,Toronto,8,Trending
VIEW300234,USR200234,NFX100234,2023-06-21,139,48,TV,Premium,3,Toronto,142,Homepage
VIEW300235,USR200235,NFX100348,2023-03-05,150,81,Laptop,Basic,2,Seoul,183,Email
VIEW300236,USR200236,NFX100395,2024-06-22,135,43,TV,Premium,2,Seoul,241,Email
VIEW300237,USR200237,NFX100415,2023-05-08,141,66,TV,Basic,5,Mumbai,22,Trending
VIEW300238,USR200238,NFX100915,2024-02-21,93,28,Tablet,Premium,3,Toronto,13,Search
VIEW300239,USR200239,NFX101074,2023-09-08,124,80,Tablet,Basic,3,Mumbai,33,Homepage
VIEW300240,USR200240,NFX100080,2024-08-06,57,40,Mobile,Basic,3,London,148,Homepage
VIEW300241,USR200241,NFX100035,2023-02-02,132,91,Tablet,Basic,3,New York,153,Trending
VIEW300242,USR200242,NFX101090,2024-01-05,87,49,TV,Standard,4,Mumbai,68,Trending
VIEW300243,USR200243,NFX100640,2023-06-06,39,23,Laptop,Standard,1,Seoul,191,Trending
VIEW300244,USR200244,NFX100881,2024-08-05,38,90,Tablet,Premium,3,Delhi,231,Email
VIEW300245,USR200245,NFX100756,2024-07-06,145,46,Tablet,Premium,1,New York,122,Email
VIEW300246,USR200246,NFX100622,2024-07-31,149,53,TV,Basic,2,London,258,Homepage
VIEW300247,USR200247,NFX100467,2023-11-09,50,18,Tablet,Basic,5,Seoul,35,Search
VIEW300248,USR200248,NFX101165,2023-06-11,35,67,Tablet,Standard,2,New York,165,Trending
VIEW300249,USR200249,NFX100355,2023-01-01,59,29,TV,Standard,3,Seoul,219,Email
VIEW300250,USR200250,NFX100708,2024-07-29,11,59,Tablet,Standard,2,Mumbai,173,Search
VIEW300251,USR200251,NFX101019,2023-02-12,64,29,Laptop,Premium,4,Seoul,85,Trending
VIEW300252,USR200252,NFX100901,2023-12-15,113,45,Mobile,Standard,1,London,50,Search
VIEW300253,USR200253,NFX100672,2024-05-20,23,36,Tablet,Premium,3,Delhi,53,Trending
VIEW300254,USR200254,NFX100438,2023-04-05,143,81,Laptop,Standard,4,Mumbai,287,Search
VIEW300255,USR200255,NFX100530,2024-07-15,137,41,Tablet,Standard,1,Mumbai,92,Homepage
VIEW300256,USR200256,NFX100126,2023-01-12,113,10,Mobile,Basic,4,London,125,Trending
VIEW300257,USR200257,NFX100204,2024-02-01,104,26,TV,Premium,2,London,7,Trending
VIEW300258,USR200258,NFX100028,2023-05-18,90,18,Mobile,Standard,3,New York,231,Homepage
VIEW300259,USR200259,NFX100444,2024-04-09,70,93,Tablet,Basic,2,Delhi,83,Trending
VIEW300260,USR200260,NFX100965,2023-10-14,21,54,Mobile,Premium,5,Seoul,149,Trending
VIEW300261,USR200261,NFX100463,2023-08-26,22,75,Mobile,Premium,3,New York,246,Email
VIEW300262,USR200262,NFX100150,2024-04-25,156,41,TV,Standard,2,Seoul,36,Homepage
VIEW300263,USR200263,NFX100239,2024-08-10,98,54,Tablet,Premium,3,Seoul,267,Email
VIEW300264,USR200264,NFX100265,2023-06-02,104,18,Mobile,Basic,1,Seoul,215,Homepage
VIEW300265,USR200265,NFX101128,2023-06-28,68,39,Mobile,Basic,3,New York,75,Search
VIEW300266,USR200266,NFX100912,2023-01-18,46,93,TV,Premium,3,Mumbai,201,Homepage
VIEW300267,USR200267,NFX100496,2024-08-17,34,47,Laptop,Basic,1,London,62,Homepage
VIEW300268,USR200268,NFX100684,2023-05-31,25,69,Tablet,Premium,2,Mumbai,116,Email
VIEW300269,USR200269,NFX100157,2023-09-04,175,10,Laptop,Basic,3,Delhi,52,Trending
VIEW300270,USR200270,NFX100171,2023-05-01,96,14,Laptop,Premium,4,New York,189,Homepage
VIEW300271,USR200271,NFX100493,2023-01-20,151,72,TV,Premium,3,Delhi,169,Trending
VIEW300272,USR200272,NFX100969,2023-06-22,143,45,TV,Premium,2,London,219,Homepage
VIEW300273,USR200273,NFX100675,2023-07-15,32,74,Tablet,Basic,1,London,125,Email
VIEW300274,USR200274,NFX100658,2023-02-26,135,87,Laptop,Premium,2,Toronto,217,Homepage
VIEW300275,USR200275,NFX100902,2024-05-04,69,82,Mobile,Premium,5,Delhi,45,Search
VIEW300276,USR200276,NFX100665,2023-10-22,149,33,Laptop,Standard,3,Mumbai,293,Homepage
VIEW300277,USR200277,NFX100366,2024-02-12,150,13,TV,Standard,3,Delhi,172,Homepage
VIEW300278,USR200278,NFX100549,2024-02-10,109,87,Mobile,Premium,1,New York,38,Trending
VIEW300279,USR200279,NFX100642,2024-02-20,112,98,Mobile,Standard,3,London,279,Trending
VIEW300280,USR200280,NFX100254,2024-07-29,143,77,TV,Premium,4,London,201,Search
VIEW300281,USR200281,NFX100207,2023-08-04,72,34,Mobile,Standard,4,Delhi,195,Homepage
VIEW300282,USR200282,NFX100449,2024-03-20,47,83,Laptop,Basic,2,Delhi,225,Trending
VIEW300283,USR200283,NFX100094,2024-08-14,137,16,TV,Basic,1,Seoul,14,Homepage
VIEW300284,USR200284,NFX100838,2024-06-19,59,22,Tablet,Premium,5,Delhi,124,Email
VIEW300285,USR200285,NFX100477,2024-02-17,49,77,TV,Premium,2,Seoul,127,Email
VIEW300286,USR200286,NFX100682,2024-05-13,17,52,Tablet,Basic,1,New York,251,Search
VIEW300287,USR200287,NFX100761,2024-01-02,17,66,Tablet,Basic,1,New York,225,Email
VIEW300288,USR200288,NFX100189,2024-01-24,113,45,TV,Standard,2,Mumbai,265,Trending
VIEW300289,USR200289,NFX100710,2023-09-05,43,23,TV,Premium,2,Delhi,62,Trending
VIEW300290,USR200290,NFX100755,2023-09-06,66,91,Tablet,Basic,3,Mumbai,132,Search
VIEW300291,USR200291,NFX100835,2024-01-11,31,81,Tablet,Basic,5,Toronto,191,Homepage
VIEW300292,USR200292,NFX100132,2024-07-09,96,36,Mobile,Premium,4,New York,209,Trending
VIEW300293,USR200293,NFX100054,2023-01-11,49,46,TV,Standard,3,London,90,Email
VIEW300294,USR200294,NFX100509,2023-07-25,95,96,TV,Standard,1,Seoul,108,Trending
VIEW300295,USR200295,NFX100669,2024-04-30,142,80,Mobile,Standard,5,Toronto,147,Search
VIEW300296,USR200296,NFX100409,2023-06-04,104,85,TV,Standard,5,London,209,Email
VIEW300297,USR200297,NFX100986,2023-09-27,22,34,Mobile,Basic,2,Toronto,133,Email
VIEW300298,USR200298,NFX100733,2024-02-27,37,76,Mobile,Premium,5,Mumbai,250,Email
VIEW300299,USR200299,NFX101138,2024-08-10,93,99,TV,Premium,5,Mumbai,42,Search
VIEW300300,USR200300,NFX100258,2024-01-08,71,13,Laptop,Basic,1,Seoul,113,Search
VIEW300301,USR200301,NFX101145,2023-01-20,102,88,Tablet,Basic,3,New York,56,Homepage
VIEW300302,USR200302,NFX100298,2024-01-10,96,83,TV,Basic,5,Seoul,5,Homepage
VIEW300303,USR200303,NFX100560,2024-08-06,33,94,Laptop,Premium,2,London,15,Homepage
VIEW300304,USR200304,NFX100296,2023-01-23,107,25,Mobile,Premium,3,Toronto,239,Search
VIEW300305,USR200305,NFX100361,2023-10-24,16,28,Laptop,Premium,2,Seoul,132,Email
VIEW300306,USR200306,NFX100588,2023-03-16,175,38,TV,Standard,5,Delhi,218,Email
VIEW300307,USR200307,NFX100126,2023-10-15,46,60,TV,Basic,3,Delhi,247,Trending
VIEW300308,USR200308,NFX100196,2023-09-01,77,27,Laptop,Basic,5,New York,48,Homepage
VIEW300309,USR200309,NFX100220,2024-02-18,179,67,TV,Basic,1,Seoul,10,Email
VIEW300310,USR200310,NFX100994,2023-10-13,95,53,Tablet,Premium,3,London,160,Email
VIEW300311,USR200311,NFX100090,2024-02-18,142,25,Laptop,Basic,2,Delhi,12,Email
VIEW300312,USR200312,NFX100410,2023-03-01,96,74,Mobile,Basic,1,New York,9,Email
VIEW300313,USR200313,NFX100007,2023-08-27,24,11,Laptop,Standard,4,Seoul,186,Search
VIEW300314,USR200314,NFX100543,2023-08-23,132,65,Laptop,Premium,2,New York,116,Homepage
VIEW300315,USR200315,NFX100467,2023-03-23,116,88,Laptop,Basic,5,London,277,Email
VIEW300316,USR200316,NFX100319,2023-08-09,162,37,Laptop,Premium,2,Delhi,269,Email
VIEW300317,USR200317,NFX100268,2024-08-05,98,74,Mobile,Premium,4,Delhi,216,Email
VIEW300318,USR200318,NFX100060,2024-07-11,134,14,Mobile,Premium,2,Delhi,82,Email
VIEW300319,USR200319,NFX100796,2023-02-02,122,31,Mobile,Standard,1,Mumbai,274,Trending
VIEW300320,USR200320,NFX101118,2023-10-19,146,22,Laptop,Premium,2,Delhi,158,Email
VIEW300321,USR200321,NFX100552,2024-07-01,175,74,Tablet,Premium,3,Toronto,225,Email
VIEW300322,USR200322,NFX100925,2024-02-09,159,25,Tablet,Premium,4,Mumbai,29,Email
VIEW300323,USR200323,NFX100660,2023-11-26,116,95,Mobile,Basic,2,Seoul,212,Trending
VIEW300324,USR200324,NFX100715,2024-06-15,96,73,Tablet,Standard,4,Mumbai,7,Search
VIEW300325,USR200325,NFX100778,2023-11-03,77,41,Tablet,Basic,1,Mumbai,219,Trending
VIEW300326,USR200326,NFX100193,2024-03-30,24,89,Tablet,Standard,3,Mumbai,116,Email
VIEW300327,USR200327,NFX100481,2024-06-23,74,60,Tablet,Standard,5,New York,196,Search
VIEW300328,USR200328,NFX100854,2024-05-25,63,88,Tablet,Premium,2,Toronto,51,Email
VIEW300329,USR200329,NFX100497,2024-08-15,167,67,TV,Premium,1,London,225,Search
VIEW300330,USR200330,NFX100211,2024-05-07,102,55,Mobile,Basic,4,Delhi,191,Email
VIEW300331,USR200331,NFX100664,2024-06-22,29,61,Laptop,Standard,4,Mumbai,54,Email
VIEW300332,USR200332,NFX100669,2024-06-15,42,72,Tablet,Premium,1,London,201,Search
VIEW300333,USR200333,NFX100220,2023-05-09,109,85,TV,Premium,2,New York,220,Search
VIEW300334,USR200334,NFX100272,2023-05-30,86,69,Laptop,Premium,5,London,225,Email
VIEW300335,USR200335,NFX101177,2023-07-22,144,74,TV,Premium,2,Mumbai,94,Trending
VIEW300336,USR200336,NFX100278,2023-06-11,145,90,Tablet,Basic,3,Seoul,236,Trending
VIEW300337,USR200337,NFX100815,2023-12-11,165,64,Tablet,Basic,2,Toronto,262,Trending
VIEW300338,USR200338,NFX100275,2024-02-03,116,66,Tablet,Premium,3,London,157,Trending
VIEW300339,USR200339,NFX101004,2023-07-01,129,80,Tablet,Premium,4,Mumbai,260,Search
VIEW300340,USR200340,NFX100513,2024-05-16,83,82,Laptop,Premium,3,Mumbai,262,Search
VIEW300341,USR200341,NFX101111,2024-07-26,20,95,Laptop,Premium,5,Delhi,69,Trending
VIEW300342,USR200342,NFX100922,2023-12-26,40,35,TV,Premium,1,Seoul,194,Homepage
VIEW300343,USR200343,NFX100641,2023-01-01,21,21,Mobile,Standard,3,Delhi,95,Homepage
VIEW300344,USR200344,NFX100504,2023-08-10,133,80,Tablet,Standard,2,Seoul,177,Homepage
VIEW300345,USR200345,NFX100589,2024-07-14,87,55,TV,Standard,3,Toronto,251,Email
VIEW300346,USR200346,NFX100771,2023-10-03,105,56,TV,Standard,4,Delhi,260,Trending
VIEW300347,USR200347,NFX100739,2024-03-06,59,88,TV,Premium,3,Toronto,120,Email
VIEW300348,USR200348,NFX100674,2024-03-15,126,47,Tablet,Standard,5,New York,53,Search
VIEW300349,USR200349,NFX101013,2024-06-24,26,30,Tablet,Standard,3,New York,231,Search
VIEW300350,USR200350,NFX100127,2024-02-03,172,23,TV,Basic,5,Seoul,73,Homepage
VIEW300351,USR200351,NFX100502,2024-06-22,138,11,Tablet,Standard,2,Seoul,130,Homepage
VIEW300352,USR200352,NFX100901,2024-04-23,166,81,TV,Standard,4,Delhi,217,Search
VIEW300353,USR200353,NFX100542,2023-06-23,73,79,Laptop,Premium,1,New York,57,Homepage
VIEW300354,USR200354,NFX100491,2024-01-09,141,42,Tablet,Standard,2,London,116,Homepage
VIEW300355,USR200355,NFX101044,2023-08-29,96,15,Laptop,Standard,2,London,163,Search
VIEW300356,USR200356,NFX100713,2023-08-19,165,99,Mobile,Premium,1,London,244,Email
VIEW300357,USR200357,NFX100790,2023-09-29,25,46,Tablet,Standard,3,New York,154,Homepage
VIEW300358,USR200358,NFX100415,2024-01-06,72,23,Mobile,Premium,3,London,143,Email
VIEW300359,USR200359,NFX100147,2024-04-26,85,46,TV,Standard,3,Toronto,117,Homepage
VIEW300360,USR200360,NFX100969,2023-11-25,94,17,Tablet,Basic,4,Mumbai,147,Trending
VIEW300361,USR200361,NFX100028,2023-03-05,118,86,Tablet,Basic,2,Seoul,142,Email
VIEW300362,USR200362,NFX100307,2024-05-22,26,22,Tablet,Standard,5,Delhi,35,Email
VIEW300363,USR200363,NFX100161,2024-04-03,177,49,Mobile,Basic,1,Toronto,297,Homepage
VIEW300364,USR200364,NFX100868,2024-02-14,150,67,Mobile,Premium,2,London,112,Email
VIEW300365,USR200365,NFX100851,2023-02-22,67,27,TV,Standard,3,Mumbai,288,Trending
VIEW300366,USR200366,NFX100060,2023-02-03,174,66,Laptop,Premium,1,Delhi,163,Search
VIEW300367,USR200367,NFX100124,2023-09-25,88,92,Laptop,Basic,5,Toronto,18,Trending
VIEW300368,USR200368,NFX101094,2023-05-13,70,47,Mobile,Premium,2,Delhi,126,Search
VIEW300369,USR200369,NFX100837,2024-06-15,122,41,Tablet,Basic,2,Seoul,219,Trending
VIEW300370,USR200370,NFX100465,2023-08-17,130,95,Laptop,Basic,4,New York,276,Trending
VIEW300371,USR200371,NFX100242,2024-06-28,43,75,Laptop,Basic,2,London,29,Email
VIEW300372,USR200372,NFX100472,2023-07-10,79,86,Mobile,Premium,2,Toronto,298,Trending
VIEW300373,USR200373,NFX100958,2023-06-28,26,96,TV,Basic,5,Toronto,173,Homepage
VIEW300374,USR200374,NFX100532,2024-03-31,29,34,Mobile,Standard,5,Mumbai,107,Homepage
VIEW300375,USR200375,NFX100493,2023-02-21,68,67,Mobile,Basic,1,Mumbai,44,Homepage
VIEW300376,USR200376,NFX100898,2024-04-11,78,84,Tablet,Standard,3,Mumbai,239,Homepage
VIEW300377,USR200377,NFX100081,2024-07-13,170,42,Mobile,Standard,5,Delhi,93,Email
VIEW300378,USR200378,NFX100855,2023-03-20,111,97,Tablet,Standard,1,London,104,Homepage
VIEW300379,USR200379,NFX100878,2023-01-03,129,75,TV,Standard,2,Delhi,148,Trending
VIEW300380,USR200380,NFX100922,2023-10-20,154,39,Tablet,Premium,1,London,86,Homepage
VIEW300381,USR200381,NFX100011,2023-02-05,66,90,TV,Standard,1,Toronto,81,Email
VIEW300382,USR200382,NFX100448,2024-04-24,92,43,TV,Basic,1,Delhi,63,Search
VIEW300383,USR200383,NFX100761,2023-06-06,138,95,TV,Standard,1,Delhi,233,Trending
VIEW300384,USR200384,NFX101137,2024-04-28,22,78,Mobile,Basic,5,Delhi,95,Trending
VIEW300385,USR200385,NFX100025,2024-02-08,164,57,Tablet,Premium,3,New York,5,Email
VIEW300386,USR200386,NFX100507,2023-07-05,15,49,Laptop,Standard,1,Seoul,273,Search
VIEW300387,USR200387,NFX100061,2023-05-08,106,60,Mobile,Basic,4,London,290,Homepage
VIEW300388,USR200388,NFX100228,2023-03-12,103,89,TV,Premium,2,London,201,Search
VIEW300389,USR200389,NFX100606,2023-05-10,119,22,Laptop,Premium,2,Delhi,278,Trending
VIEW300390,USR200390,NFX101058,2024-01-08,160,99,Mobile,Basic,2,New York,82,Trending
VIEW300391,USR200391,NFX100890,2024-01-21,147,40,Laptop,Standard,2,Delhi,145,Trending
VIEW300392,USR200392,NFX100760,2023-07-09,60,48,TV,Premium,2,London,292,Search
VIEW300393,USR200393,NFX100594,2023-04-01,156,72,Laptop,Basic,1,Seoul,75,Homepage
VIEW300394,USR200394,NFX101048,2023-11-04,60,57,Laptop,Standard,3,Seoul,54,Trending
VIEW300395,USR200395,NFX101055,2024-01-01,96,96,TV,Premium,4,Toronto,84,Email
VIEW300396,USR200396,NFX101035,2024-04-12,77,57,Laptop,Basic,5,New York,239,Homepage
VIEW300397,USR200397,NFX100000,2023-03-27,93,70,Mobile,Premium,4,Seoul,291,Trending
VIEW300398,USR200398,NFX101159,2023-04-13,51,21,Laptop,Premium,5,New York,159,Homepage
VIEW300399,USR200399,NFX100132,2023-02-08,66,87,Tablet,Basic,5,Delhi,64,Email
VIEW300400,USR200400,NFX100085,2023-06-03,175,65,Mobile,Premium,4,Toronto,37,Search
VIEW300401,USR200401,NFX100515,2024-01-27,71,27,Laptop,Basic,1,London,131,Trending
VIEW300402,USR200402,NFX100174,2023-06-02,16,36,Tablet,Standard,2,Seoul,225,Email
VIEW300403,USR200403,NFX100762,2023-03-29,121,37,Tablet,Basic,1,Seoul,204,Trending
VIEW300404,USR200404,NFX101044,2024-07-18,35,91,Tablet,Standard,2,Mumbai,130,Trending
VIEW300405,USR200405,NFX100996,2023-08-31,163,89,Laptop,Premium,3,London,45,Search
VIEW300406,USR200406,NFX101128,2023-10-24,28,61,TV,Basic,5,Seoul,279,Search
VIEW300407,USR200407,NFX100577,2023-03-01,18,25,Tablet,Basic,4,Seoul,89,Homepage
VIEW300408,USR200408,NFX100048,2024-03-08,70,86,TV,Basic,3,London,93,Email
VIEW300409,USR200409,NFX100527,2023-01-22,29,67,Mobile,Basic,2,Toronto,46,Email
VIEW300410,USR200410,NFX100144,2023-03-12,115,18,TV,Standard,1,New York,124,Search
VIEW300411,USR200411,NFX100761,2023-05-10,59,35,TV,Standard,4,London,283,Trending
VIEW300412,USR200412,NFX101098,2023-07-03,90,37,TV,Premium,5,New York,37,Homepage
VIEW300413,USR200413,NFX100928,2024-05-21,159,86,TV,Premium,3,Toronto,280,Search
VIEW300414,USR200414,NFX100793,2023-03-28,150,45,TV,Premium,5,Toronto,157,Homepage
VIEW300415,USR200415,NFX100318,2023-11-26,149,18,Mobile,Premium,2,Delhi,94,Homepage
VIEW300416,USR200416,NFX101110,2023-12-21,19,56,Mobile,Basic,5,Mumbai,108,Email
VIEW300417,USR200417,NFX100697,2023-12-04,74,87,TV,Standard,1,Toronto,16,Homepage
VIEW300418,USR200418,NFX100846,2023-04-30,167,60,TV,Standard,3,Toronto,164,Email
VIEW300419,USR200419,NFX100782,2024-02-05,17,85,Tablet,Standard,3,New York,200,Trending
VIEW300420,USR200420,NFX100041,2024-03-03,158,66,Mobile,Standard,1,Toronto,266,Trending
VIEW300421,USR200421,NFX101116,2023-08-04,31,41,Laptop,Premium,5,London,95,Search
VIEW300422,USR200422,NFX100528,2024-01-18,27,76,Mobile,Basic,1,Delhi,201,Trending
VIEW300423,USR200423,NFX100291,2023-01-27,18,66,Laptop,Standard,4,Delhi,73,Email
VIEW300424,USR200424,NFX100968,2023-09-11,63,63,Tablet,Basic,1,London,224,Homepage
VIEW300425,USR200425,NFX100096,2024-05-30,35,25,TV,Basic,5,Seoul,218,Homepage
VIEW300426,USR200426,NFX101118,2023-03-19,103,71,Tablet,Basic,1,Toronto,150,Trending
VIEW300427,USR200427,NFX100073,2023-12-24,109,93,TV,Basic,2,Mumbai,237,Email
VIEW300428,USR200428,NFX101091,2024-04-17,35,65,Mobile,Standard,1,Toronto,238,Homepage
VIEW300429,USR200429,NFX100757,2023-01-04,43,32,TV,Standard,1,Delhi,218,Trending
VIEW300430,USR200430,NFX101100,2023-06-24,17,26,Laptop,Standard,5,Mumbai,65,Email
VIEW300431,USR200431,NFX100207,2023-11-04,147,89,Laptop,Premium,4,Seoul,82,Email
VIEW300432,USR200432,NFX100409,2023-02-12,57,47,Tablet,Standard,4,New York,99,Homepage
VIEW300433,USR200433,NFX100330,2024-02-01,116,81,Mobile,Premium,5,New York,220,Search
VIEW300434,USR200434,NFX100343,2023-01-30,63,92,Laptop,Premium,5,Toronto,217,Search
VIEW300435,USR200435,NFX100988,2023-10-24,177,39,Tablet,Premium,5,Toronto,204,Email
VIEW300436,USR200436,NFX100770,2023-06-23,128,67,Mobile,Standard,2,Mumbai,35,Email
VIEW300437,USR200437,NFX100073,2023-05-20,152,87,Mobile,Standard,3,Mumbai,294,Trending
VIEW300438,USR200438,NFX100253,2023-09-15,90,31,Tablet,Standard,1,Seoul,139,Email
VIEW300439,USR200439,NFX100958,2023-03-04,155,26,Laptop,Premium,5,Toronto,87,Trending
VIEW300440,USR200440,NFX100819,2024-06-04,105,24,Laptop,Premium,5,Delhi,51,Trending
VIEW300441,USR200441,NFX100985,2023-03-12,111,57,Tablet,Basic,5,New York,210,Trending
VIEW300442,USR200442,NFX100331,2023-01-13,160,41,Laptop,Premium,4,Seoul,81,Email
VIEW300443,USR200443,NFX100746,2023-10-24,71,86,Tablet,Premium,5,Mumbai,263,Email
VIEW300444,USR200444,NFX100835,2023-12-26,55,94,Laptop,Standard,1,Delhi,96,Trending
VIEW300445,USR200445,NFX100454,2024-06-06,96,49,Laptop,Basic,5,Toronto,104,Homepage
VIEW300446,USR200446,NFX101138,2024-07-09,108,66,Tablet,Basic,1,London,199,Email
VIEW300447,USR200447,NFX100312,2024-07-24,48,67,Tablet,Basic,2,Mumbai,196,Search
VIEW300448,USR200448,NFX101017,2023-07-01,152,25,Laptop,Standard,3,Seoul,72,Homepage
VIEW300449,USR200449,NFX100227,2023-06-03,62,37,Tablet,Basic,4,London,246,Search
VIEW300450,USR200450,NFX100833,2024-04-26,89,10,Laptop,Basic,1,Delhi,94,Email
VIEW300451,USR200451,NFX100857,2024-04-10,25,50,TV,Standard,2,New York,14,Homepage
VIEW300452,USR200452,NFX100817,2023-08-06,113,57,Mobile,Basic,3,Delhi,268,Email
VIEW300453,USR200453,NFX101017,2024-03-01,79,40,Mobile,Premium,3,New York,272,Email
VIEW300454,USR200454,NFX100527,2023-03-15,150,45,Laptop,Premium,3,Delhi,122,Homepage
VIEW300455,USR200455,NFX100949,2023-08-06,117,42,Mobile,Premium,1,Mumbai,254,Email
VIEW300456,USR200456,NFX100426,2024-03-03,56,42,Laptop,Premium,2,Mumbai,63,Homepage
VIEW300457,USR200457,NFX100041,2023-07-15,18,91,Tablet,Premium,5,Seoul,199,Email
VIEW300458,USR200458,NFX100464,2024-03-01,43,32,TV,Premium,2,London,54,Trending
VIEW300459,USR200459,NFX100277,2023-11-19,166,69,Mobile,Premium,2,Delhi,101,Search
VIEW300460,USR200460,NFX100835,2023-06-09,174,96,Mobile,Premium,2,Delhi,131,Trending
VIEW300461,USR200461,NFX100018,2024-01-14,95,88,Tablet,Premium,1,London,250,Email
VIEW300462,USR200462,NFX100065,2023-03-31,124,99,TV,Standard,1,Toronto,91,Email
VIEW300463,USR200463,NFX100166,2023-11-07,73,39,TV,Standard,1,Seoul,81,Email
VIEW300464,USR200464,NFX101019,2023-08-17,161,98,TV,Premium,2,Delhi,208,Trending
VIEW300465,USR200465,NFX100402,2024-07-19,43,54,Tablet,Standard,1,Seoul,150,Email
VIEW300466,USR200466,NFX100408,2023-12-12,21,89,Mobile,Standard,3,Delhi,153,Homepage
VIEW300467,USR200467,NFX100111,2024-02-08,160,48,Mobile,Premium,1,Delhi,115,Search
VIEW300468,USR200468,NFX100596,2023-07-25,106,54,TV,Premium,4,Toronto,133,Email
VIEW300469,USR200469,NFX100650,2023-02-07,130,87,Tablet,Standard,1,Mumbai,257,Email
VIEW300470,USR200470,NFX101062,2023-07-13,150,90,Tablet,Premium,1,Seoul,170,Search
VIEW300471,USR200471,NFX100104,2023-09-24,96,21,Tablet,Premium,1,London,141,Search
VIEW300472,USR200472,NFX100323,2023-03-17,111,41,TV,Premium,1,Seoul,283,Search
VIEW300473,USR200473,NFX100991,2023-09-01,105,65,Tablet,Premium,4,Toronto,15,Trending
VIEW300474,USR200474,NFX100428,2023-09-14,123,33,TV,Standard,5,New York,75,Trending
VIEW300475,USR200475,NFX100634,2023-01-26,56,22,TV,Basic,1,New York,163,Email
VIEW300476,USR200476,NFX100729,2023-05-13,67,29,TV,Standard,3,Toronto,220,Search
VIEW300477,USR200477,NFX100888,2023-10-23,142,88,Laptop,Basic,4,Toronto,30,Email
VIEW300478,USR200478,NFX101084,2024-04-04,130,65,TV,Basic,5,Mumbai,290,Email
VIEW300479,USR200479,NFX100392,2024-07-01,127,62,Tablet,Basic,1,Seoul,166,Email
VIEW300480,USR200480,NFX100203,2024-02-10,14,77,Laptop,Standard,5,Seoul,106,Trending
VIEW300481,USR200481,NFX100257,2024-02-29,105,63,Mobile,Standard,3,New York,73,Search
VIEW300482,USR200482,NFX100485,2023-09-27,30,43,Mobile,Standard,4,London,137,Email
VIEW300483,USR200483,NFX100445,2024-07-24,161,37,Tablet,Standard,4,Seoul,193,Trending
VIEW300484,USR200484,NFX101023,2023-10-11,137,59,Tablet,Standard,5,Delhi,215,Homepage
VIEW300485,USR200485,NFX100341,2023-10-01,133,11,Tablet,Basic,1,Delhi,247,Homepage
VIEW300486,USR200486,NFX100132,2023-06-12,155,35,Tablet,Standard,2,Mumbai,170,Email
VIEW300487,USR200487,NFX100442,2024-01-17,30,60,Laptop,Basic,4,Mumbai,65,Email
VIEW300488,USR200488,NFX100252,2024-03-04,63,56,Tablet,Standard,2,New York,283,Search
VIEW300489,USR200489,NFX100264,2024-01-27,147,35,TV,Standard,4,London,117,Search
VIEW300490,USR200490,NFX100092,2024-06-21,161,93,Mobile,Premium,1,London,34,Email
VIEW300491,USR200491,NFX100137,2023-08-29,113,93,Tablet,Basic,1,Toronto,165,Trending
VIEW300492,USR200492,NFX101001,2023-09-10,120,84,TV,Standard,4,Mumbai,238,Email
VIEW300493,USR200493,NFX100306,2023-08-01,125,83,Tablet,Standard,5,Seoul,174,Search
VIEW300494,USR200494,NFX100265,2023-04-23,66,70,TV,Standard,1,Delhi,190,Search
VIEW300495,USR200495,NFX100645,2023-10-20,137,32,Laptop,Premium,1,Seoul,61,Trending
VIEW300496,USR200496,NFX100317,2024-04-06,160,46,Mobile,Basic,3,Delhi,244,Email
VIEW300497,USR200497,NFX101136,2023-04-18,159,50,Mobile,Standard,1,New York,261,Search
VIEW300498,USR200498,NFX100900,2023-10-27,171,61,Laptop,Standard,3,Delhi,205,Email
VIEW300499,USR200499,NFX100453,2024-04-20,129,92,TV,Standard,1,Seoul,110,Search
VIEW300500,USR200500,NFX100190,2024-07-03,79,91,Tablet,Premium,1,Seoul,294,Homepage
VIEW300501,USR200501,NFX100830,2023-03-31,165,58,TV,Standard,5,London,105,Homepage
VIEW300502,USR200502,NFX101112,2024-08-02,104,36,Mobile,Basic,5,London,101,Homepage
VIEW300503,USR200503,NFX100186,2024-03-01,108,15,Laptop,Basic,1,Mumbai,157,Search
VIEW300504,USR200504,NFX100818,2023-10-21,176,83,Laptop,Basic,4,Seoul,33,Trending
VIEW300505,USR200505,NFX101020,2024-01-24,51,75,TV,Basic,4,New York,157,Homepage
VIEW300506,USR200506,NFX100131,2024-05-11,160,33,TV,Standard,1,Delhi,77,Search
VIEW300507,USR200507,NFX100871,2024-06-07,79,47,Laptop,Premium,4,Mumbai,258,Email
VIEW300508,USR200508,NFX100634,2023-08-17,11,37,Mobile,Premium,1,Toronto,8,Homepage
VIEW300509,USR200509,NFX100690,2024-07-07,161,37,Tablet,Premium,5,Toronto,241,Trending
VIEW300510,USR200510,NFX100691,2023-04-05,154,75,Tablet,Standard,2,Delhi,42,Trending
VIEW300511,USR200511,NFX101122,2023-01-13,118,70,TV,Premium,3,Delhi,24,Trending
VIEW300512,USR200512,NFX101057,2023-11-14,74,55,Laptop,Basic,4,Delhi,117,Email
VIEW300513,USR200513,NFX100581,2024-07-27,79,78,Laptop,Standard,4,London,27,Email
VIEW300514,USR200514,NFX100170,2023-04-17,78,84,Laptop,Premium,5,Delhi,140,Trending
VIEW300515,USR200515,NFX100783,2024-02-17,130,83,Mobile,Basic,4,Toronto,252,Trending
VIEW300516,USR200516,NFX101082,2023-07-07,118,52,TV,Basic,1,Delhi,101,Trending
VIEW300517,USR200517,NFX100180,2023-03-28,69,68,TV,Standard,1,Seoul,37,Email
VIEW300518,USR200518,NFX100018,2023-08-10,102,11,TV,Standard,2,New York,139,Email
VIEW300519,USR200519,NFX101118,2024-03-27,21,24,Mobile,Premium,2,Toronto,259,Search
VIEW300520,USR200520,NFX100880,2023-12-06,112,46,TV,Premium,2,New York,282,Homepage
VIEW300521,USR200521,NFX100174,2024-02-08,121,80,Tablet,Premium,1,Toronto,137,Email
VIEW300522,USR200522,NFX100053,2024-02-16,74,29,TV,Standard,2,Mumbai,242,Trending
VIEW300523,USR200523,NFX100694,2024-02-01,164,44,TV,Premium,2,Seoul,19,Homepage
VIEW300524,USR200524,NFX100862,2023-12-07,57,43,TV,Premium,1,Toronto,281,Email
VIEW300525,USR200525,NFX100348,2023-02-19,97,95,Mobile,Basic,5,Seoul,130,Homepage
VIEW300526,USR200526,NFX100442,2023-10-07,71,40,Tablet,Basic,4,Toronto,21,Search
VIEW300527,USR200527,NFX100832,2023-08-19,53,96,Tablet,Basic,3,New York,54,Email
VIEW300528,USR200528,NFX100579,2024-08-08,156,28,Laptop,Premium,1,New York,139,Trending
VIEW300529,USR200529,NFX100281,2024-07-12,145,77,Laptop,Standard,1,Toronto,122,Trending
VIEW300530,USR200530,NFX100359,2023-10-09,64,33,Tablet,Basic,3,Toronto,64,Search
VIEW300531,USR200531,NFX100914,2024-06-10,117,93,TV,Standard,3,London,129,Search
VIEW300532,USR200532,NFX100822,2023-01-28,56,48,TV,Premium,2,Seoul,120,Search
VIEW300533,USR200533,NFX100891,2023-02-02,11,63,TV,Premium,3,Seoul,177,Search
VIEW300534,USR200534,NFX100952,2024-01-16,122,48,Mobile,Basic,4,Seoul,191,Search
VIEW300535,USR200535,NFX100640,2023-06-30,176,26,TV,Standard,4,Seoul,92,Email
VIEW300536,USR200536,NFX101031,2024-01-26,169,28,Mobile,Basic,4,Mumbai,207,Email
VIEW300537,USR200537,NFX100562,2023-02-16,175,57,Tablet,Premium,4,Mumbai,186,Homepage
VIEW300538,USR200538,NFX100490,2024-01-29,20,44,TV,Standard,4,Delhi,172,Search
VIEW300539,USR200539,NFX100340,2024-03-04,147,41,TV,Basic,2,Toronto,185,Trending
VIEW300540,USR200540,NFX100471,2023-03-12,121,56,Laptop,Premium,1,Toronto,134,Trending
VIEW300541,USR200541,NFX100248,2023-08-06,99,56,Tablet,Basic,3,Toronto,153,Search
VIEW300542,USR200542,NFX100234,2024-01-21,64,73,TV,Standard,1,Toronto,213,Search
VIEW300543,USR200543,NFX101106,2024-03-10,157,55,Mobile,Standard,3,Seoul,115,Search
VIEW300544,USR200544,NFX101116,2023-09-05,26,44,Tablet,Standard,2,Seoul,141,Search
VIEW300545,USR200545,NFX100823,2023-01-30,77,26,Laptop,Standard,2,Mumbai,215,Search
VIEW300546,USR200546,NFX100631,2024-04-07,142,51,Tablet,Standard,5,New York,150,Trending
VIEW300547,USR200547,NFX100528,2024-03-10,160,38,Mobile,Basic,5,London,88,Homepage
VIEW300548,USR200548,NFX100121,2024-08-03,61,79,Laptop,Basic,2,Seoul,34,Search
VIEW300549,USR200549,NFX100891,2024-06-24,147,26,Mobile,Basic,2,Seoul,69,Search
VIEW300550,USR200550,NFX100009,2023-07-12,165,90,Tablet,Basic,3,Seoul,28,Search
VIEW300551,USR200551,NFX100837,2024-04-01,106,23,Laptop,Premium,2,New York,215,Email
VIEW300552,USR200552,NFX100752,2023-12-29,163,33,Mobile,Premium,1,New York,226,Trending
VIEW300553,USR200553,NFX100885,2024-03-31,57,66,Tablet,Basic,3,Mumbai,94,Trending
VIEW300554,USR200554,NFX100463,2023-02-25,38,59,Mobile,Premium,2,Seoul,110,Homepage
VIEW300555,USR200555,NFX100711,2024-03-26,36,66,TV,Premium,3,London,176,Email
VIEW300556,USR200556,NFX100727,2023-03-19,155,70,Tablet,Standard,3,Toronto,234,Email
VIEW300557,USR200557,NFX100716,2023-08-04,113,48,Laptop,Basic,4,Seoul,81,Email
VIEW300558,USR200558,NFX100079,2023-09-04,69,64,Laptop,Premium,5,Mumbai,72,Homepage
VIEW300559,USR200559,NFX100479,2024-01-05,115,45,TV,Premium,3,Mumbai,96,Homepage
VIEW300560,USR200560,NFX100901,2023-07-17,78,46,Mobile,Basic,3,London,92,Homepage
VIEW300561,USR200561,NFX100890,2024-01-27,123,23,Mobile,Standard,4,Delhi,54,Email
VIEW300562,USR200562,NFX100017,2024-03-20,30,36,Laptop,Basic,2,Mumbai,107,Trending
VIEW300563,USR200563,NFX101188,2024-07-08,161,92,Mobile,Standard,3,New York,50,Email
VIEW300564,USR200564,NFX100201,2024-01-28,111,40,Tablet,Premium,4,New York,183,Homepage
VIEW300565,USR200565,NFX100740,2024-02-27,140,82,Tablet,Standard,1,Toronto,271,Email
VIEW300566,USR200566,NFX100318,2024-03-30,104,90,Laptop,Standard,4,Mumbai,272,Search
VIEW300567,USR200567,NFX100216,2023-11-10,114,92,Tablet,Basic,5,Toronto,12,Email
VIEW300568,USR200568,NFX101057,2024-06-26,134,53,Laptop,Premium,5,Mumbai,269,Email
VIEW300569,USR200569,NFX100265,2023-02-09,11,77,Mobile,Basic,2,London,82,Trending
VIEW300570,USR200570,NFX100723,2024-05-28,75,57,Mobile,Basic,2,Seoul,244,Trending
VIEW300571,USR200571,NFX100774,2024-05-08,122,66,Mobile,Premium,5,Mumbai,262,Trending
VIEW300572,USR200572,NFX101103,2023-10-17,179,84,TV,Basic,5,Delhi,200,Search
VIEW300573,USR200573,NFX100412,2023-03-29,171,31,Laptop,Basic,3,New York,135,Trending
VIEW300574,USR200574,NFX101035,2024-08-01,51,13,Tablet,Standard,5,London,265,Search
VIEW300575,USR200575,NFX100400,2023-07-11,29,90,Mobile,Basic,2,Seoul,246,Homepage
VIEW300576,USR200576,NFX100723,2023-03-16,106,81,TV,Premium,5,Seoul,175,Trending
VIEW300577,USR200577,NFX100281,2024-06-02,77,55,Tablet,Basic,2,New York,151,Email
VIEW300578,USR200578,NFX101135,2024-05-12,84,68,Tablet,Standard,1,Seoul,274,Email
VIEW300579,USR200579,NFX100722,2023-08-10,134,43,Tablet,Basic,5,Toronto,153,Search
VIEW300580,USR200580,NFX100750,2023-02-11,179,20,Mobile,Basic,2,London,32,Trending
VIEW300581,USR200581,NFX100267,2023-08-06,56,40,Tablet,Basic,4,Delhi,153,Email
VIEW300582,USR200582,NFX100297,2023-10-05,14,20,Laptop,Standard,3,New York,284,Homepage
VIEW300583,USR200583,NFX100569,2024-05-10,58,65,TV,Premium,2,Mumbai,186,Trending
VIEW300584,USR200584,NFX100508,2024-04-13,133,47,Tablet,Premium,5,Mumbai,170,Homepage
VIEW300585,USR200585,NFX100545,2024-07-07,46,30,Tablet,Standard,5,Mumbai,21,Email
VIEW300586,USR200586,NFX100774,2023-10-10,171,19,Laptop,Standard,1,London,154,Trending
VIEW300587,USR200587,NFX100364,2024-02-09,155,35,Tablet,Basic,4,Delhi,49,Search
VIEW300588,USR200588,NFX100546,2024-01-31,28,17,Mobile,Premium,2,Seoul,193,Email
VIEW300589,USR200589,NFX100270,2024-07-11,49,17,Mobile,Standard,4,Delhi,143,Homepage
VIEW300590,USR200590,NFX100738,2023-12-08,26,69,Mobile,Premium,1,Delhi,65,Trending
VIEW300591,USR200591,NFX100536,2023-02-04,108,81,Tablet,Basic,3,New York,298,Homepage
VIEW300592,USR200592,NFX100058,2023-12-30,102,43,TV,Standard,4,London,37,Homepage
VIEW300593,USR200593,NFX100085,2023-11-02,51,25,TV,Premium,1,Mumbai,116,Search
VIEW300594,USR200594,NFX100762,2024-04-10,132,22,Tablet,Premium,2,New York,295,Search
VIEW300595,USR200595,NFX100389,2023-09-29,116,96,TV,Basic,3,Seoul,41,Email
VIEW300596,USR200596,NFX100718,2024-01-29,81,85,TV,Standard,5,Delhi,104,Search
VIEW300597,USR200597,NFX100855,2023-07-31,74,31,Tablet,Premium,1,Mumbai,27,Search
VIEW300598,USR200598,NFX100148,2024-02-27,118,36,Mobile,Basic,5,London,222,Email
VIEW300599,USR200599,NFX100582,2023-01-12,62,73,Tablet,Premium,3,Toronto,93,Email
VIEW300600,USR200600,NFX100120,2024-04-13,144,11,Mobile,Basic,1,Delhi,213,Email
VIEW300601,USR200601,NFX100764,2024-01-04,142,35,Mobile,Premium,1,Delhi,275,Email
VIEW300602,USR200602,NFX100604,2023-10-01,33,92,TV,Premium,3,Delhi,241,Homepage
VIEW300603,USR200603,NFX100255,2023-03-20,37,78,TV,Basic,2,Delhi,213,Homepage
VIEW300604,USR200604,NFX100765,2023-06-06,71,93,Mobile,Standard,1,Mumbai,282,Email
VIEW300605,USR200605,NFX100863,2023-10-22,26,39,Mobile,Basic,3,London,210,Email
VIEW300606,USR200606,NFX100799,2023-07-11,29,17,TV,Standard,4,New York,82,Trending
VIEW300607,USR200607,NFX100058,2023-01-28,12,47,Laptop,Premium,5,Mumbai,102,Trending
VIEW300608,USR200608,NFX101021,2023-02-09,174,70,Mobile,Premium,1,London,98,Trending
VIEW300609,USR200609,NFX101092,2023-02-18,152,90,Mobile,Basic,4,New York,84,Search
VIEW300610,USR200610,NFX100387,2023-10-10,60,74,Mobile,Basic,1,Delhi,42,Homepage
VIEW300611,USR200611,NFX101109,2024-02-21,145,76,TV,Standard,2,London,232,Homepage
VIEW300612,USR200612,NFX100785,2023-02-13,150,55,Tablet,Standard,3,Delhi,138,Trending
VIEW300613,USR200613,NFX100592,2023-06-23,12,99,Mobile,Standard,1,London,200,Trending
VIEW300614,USR200614,NFX100908,2024-05-14,82,81,Mobile,Basic,3,Seoul,286,Homepage
VIEW300615,USR200615,NFX100565,2023-09-05,168,52,Mobile,Premium,1,Toronto,105,Search
VIEW300616,USR200616,NFX100398,2023-05-03,114,68,Tablet,Basic,2,Delhi,79,Trending
VIEW300617,USR200617,NFX100898,2024-03-18,127,55,Tablet,Premium,2,Delhi,298,Email
VIEW300618,USR200618,NFX100292,2024-08-10,163,81,Mobile,Basic,4,Delhi,212,Trending
VIEW300619,USR200619,NFX100484,2023-09-11,43,44,Mobile,Basic,2,Seoul,87,Homepage
VIEW300620,USR200620,NFX100802,2023-10-04,146,48,Laptop,Standard,3,Mumbai,147,Homepage
VIEW300621,USR200621,NFX100889,2023-04-29,71,60,Tablet,Premium,2,New York,60,Trending
VIEW300622,USR200622,NFX100243,2024-01-03,129,13,Laptop,Basic,1,Delhi,291,Trending
VIEW300623,USR200623,NFX100959,2023-12-22,124,89,Mobile,Basic,2,Delhi,215,Email
VIEW300624,USR200624,NFX101177,2023-03-05,22,86,Mobile,Premium,3,Mumbai,183,Email
VIEW300625,USR200625,NFX100815,2024-03-25,78,93,Mobile,Basic,1,Mumbai,62,Search
VIEW300626,USR200626,NFX100272,2024-05-22,178,60,Mobile,Premium,4,Toronto,77,Search
VIEW300627,USR200627,NFX100519,2023-06-23,86,14,TV,Standard,4,London,219,Email
VIEW300628,USR200628,NFX101151,2023-01-08,10,64,TV,Standard,4,Delhi,270,Search
VIEW300629,USR200629,NFX100567,2023-01-22,98,29,TV,Premium,1,London,77,Search
VIEW300630,USR200630,NFX100637,2024-01-03,56,33,Laptop,Standard,4,Mumbai,275,Trending
VIEW300631,USR200631,NFX100158,2023-12-23,13,45,Tablet,Premium,2,Mumbai,238,Email
VIEW300632,USR200632,NFX100651,2023-10-31,19,43,Mobile,Basic,1,Toronto,23,Trending
VIEW300633,USR200633,NFX100175,2023-04-29,37,63,Tablet,Basic,1,New York,117,Trending
VIEW300634,USR200634,NFX100619,2023-03-08,130,43,TV,Premium,1,Seoul,67,Search
VIEW300635,USR200635,NFX100210,2024-07-19,135,92,Mobile,Basic,5,Seoul,188,Trending
VIEW300636,USR200636,NFX100446,2024-03-03,143,26,Mobile,Standard,3,Seoul,281,Homepage
VIEW300637,USR200637,NFX100585,2023-06-30,164,14,Laptop,Basic,5,Mumbai,166,Search
VIEW300638,USR200638,NFX100166,2023-08-01,149,98,Tablet,Basic,5,Delhi,247,Homepage
VIEW300639,USR200639,NFX100459,2024-03-11,71,27,Laptop,Premium,5,Toronto,149,Search
VIEW300640,USR200640,NFX100915,2024-01-15,76,64,TV,Standard,3,New York,150,Trending
VIEW300641,USR200641,NFX101052,2023-11-05,83,62,Tablet,Basic,5,Seoul,85,Search
VIEW300642,USR200642,NFX100713,2023-04-09,104,59,TV,Basic,4,Toronto,47,Homepage
VIEW300643,USR200643,NFX101116,2023-07-31,152,81,Laptop,Premium,1,Mumbai,297,Search
VIEW300644,USR200644,NFX100840,2023-10-17,45,88,Laptop,Premium,1,Seoul,180,Homepage
VIEW300645,USR200645,NFX100867,2023-04-20,151,54,Mobile,Standard,2,New York,73,Email
VIEW300646,USR200646,NFX100687,2024-03-02,121,22,Tablet,Basic,4,London,60,Trending
VIEW300647,USR200647,NFX100329,2023-04-18,140,25,Tablet,Premium,3,New York,123,Homepage
VIEW300648,USR200648,NFX100094,2023-07-04,122,95,Mobile,Premium,1,Delhi,208,Email
VIEW300649,USR200649,NFX100784,2023-10-29,119,93,Tablet,Premium,5,Seoul,59,Trending
VIEW300650,USR200650,NFX100648,2023-01-27,123,22,TV,Standard,2,Seoul,42,Email
VIEW300651,USR200651,NFX100352,2023-07-03,76,29,TV,Premium,2,London,247,Homepage
VIEW300652,USR200652,NFX100929,2023-06-12,135,75,Laptop,Standard,1,London,205,Trending
VIEW300653,USR200653,NFX100940,2023-08-16,95,56,TV,Standard,4,Seoul,240,Email
VIEW300654,USR200654,NFX100983,2023-12-10,28,28,Tablet,Basic,2,Delhi,19,Homepage
VIEW300655,USR200655,NFX101042,2023-07-31,78,54,Mobile,Basic,1,London,148,Email
VIEW300656,USR200656,NFX100645,2023-10-03,19,46,Laptop,Standard,4,Mumbai,81,Trending
VIEW300657,USR200657,NFX100625,2023-05-29,170,63,Mobile,Basic,1,Seoul,267,Trending
VIEW300658,USR200658,NFX100138,2023-03-24,150,15,Laptop,Basic,1,New York,189,Trending
VIEW300659,USR200659,NFX100715,2023-11-27,137,23,Laptop,Premium,4,New York,59,Homepage
VIEW300660,USR200660,NFX100761,2024-01-23,108,13,Mobile,Basic,4,Delhi,8,Email
VIEW300661,USR200661,NFX100254,2023-11-18,41,95,TV,Standard,4,Mumbai,44,Email
VIEW300662,USR200662,NFX101108,2023-12-21,121,64,TV,Basic,1,London,234,Homepage
VIEW300663,USR200663,NFX100675,2023-07-31,33,43,TV,Premium,2,Seoul,290,Trending
VIEW300664,USR200664,NFX100091,2023-02-23,44,36,TV,Standard,3,New York,142,Search
VIEW300665,USR200665,NFX101092,2023-03-28,92,16,Mobile,Basic,3,New York,107,Trending
VIEW300666,USR200666,NFX100036,2024-01-08,79,12,Tablet,Standard,1,New York,11,Search
VIEW300667,USR200667,NFX100139,2024-07-30,177,56,Laptop,Basic,1,New York,168,Trending
VIEW300668,USR200668,NFX100866,2024-07-05,118,11,Mobile,Premium,2,Toronto,280,Homepage
VIEW300669,USR200669,NFX100679,2023-03-20,108,89,TV,Basic,4,Delhi,53,Search
VIEW300670,USR200670,NFX100136,2023-03-10,42,34,TV,Standard,1,London,100,Homepage
VIEW300671,USR200671,NFX100189,2023-07-23,65,69,Mobile,Standard,5,Seoul,63,Search
VIEW300672,USR200672,NFX100341,2023-05-23,173,88,Laptop,Standard,4,Seoul,235,Email
VIEW300673,USR200673,NFX101028,2024-06-04,156,33,Mobile,Basic,1,Seoul,181,Search
VIEW300674,USR200674,NFX100971,2024-01-21,21,24,Mobile,Basic,5,London,94,Search
VIEW300675,USR200675,NFX100661,2024-06-28,20,23,Tablet,Basic,2,Delhi,286,Search
VIEW300676,USR200676,NFX100242,2023-03-15,79,63,Mobile,Premium,5,Mumbai,40,Email
VIEW300677,USR200677,NFX100414,2023-07-22,149,87,Tablet,Premium,1,Delhi,175,Homepage
VIEW300678,USR200678,NFX100706,2024-08-10,50,15,Laptop,Premium,3,New York,130,Email
VIEW300679,USR200679,NFX100342,2024-08-14,162,87,Mobile,Standard,1,New York,208,Search
VIEW300680,USR200680,NFX100681,2023-06-22,115,90,Mobile,Standard,3,Delhi,293,Trending
VIEW300681,USR200681,NFX100652,2023-02-24,12,27,TV,Standard,2,Delhi,101,Email
VIEW300682,USR200682,NFX100145,2023-10-22,12,29,Mobile,Standard,2,London,242,Trending
VIEW300683,USR200683,NFX100322,2023-10-29,93,71,TV,Standard,4,London,177,Email
VIEW300684,USR200684,NFX100121,2024-06-24,165,90,TV,Basic,4,Toronto,92,Email
VIEW300685,USR200685,NFX100310,2024-06-12,160,89,TV,Standard,3,Seoul,21,Search
VIEW300686,USR200686,NFX100600,2023-11-30,179,49,Laptop,Basic,3,Toronto,144,Homepage
VIEW300687,USR200687,NFX100474,2023-10-04,116,48,Tablet,Premium,2,Seoul,258,Homepage
VIEW300688,USR200688,NFX100569,2023-04-07,177,61,TV,Premium,5,New York,282,Search
VIEW300689,USR200689,NFX100574,2024-05-27,143,41,Mobile,Premium,3,Toronto,155,Email
VIEW300690,USR200690,NFX100346,2023-10-27,29,82,Mobile,Premium,3,Toronto,144,Homepage
VIEW300691,USR200691,NFX100819,2023-02-26,148,36,TV,Premium,5,Mumbai,118,Homepage
VIEW300692,USR200692,NFX100381,2023-04-10,105,61,TV,Standard,4,Delhi,72,Homepage
VIEW300693,USR200693,NFX100071,2024-03-15,133,72,Mobile,Standard,4,London,183,Search
VIEW300694,USR200694,NFX100520,2024-04-18,164,83,TV,Standard,3,Toronto,129,Trending
VIEW300695,USR200695,NFX100932,2024-07-09,30,72,Tablet,Premium,4,London,237,Trending
VIEW300696,USR200696,NFX101117,2023-01-18,123,26,Tablet,Premium,4,Seoul,151,Trending
VIEW300697,USR200697,NFX100338,2024-07-05,22,58,Laptop,Basic,4,Toronto,115,Trending
VIEW300698,USR200698,NFX100663,2023-11-22,95,90,TV,Standard,2,Seoul,242,Trending
VIEW300699,USR200699,NFX100039,2023-03-27,44,91,Laptop,Premium,1,Toronto,7,Homepage
VIEW300700,USR200700,NFX100573,2023-06-04,56,32,Laptop,Premium,3,New York,215,Homepage
VIEW300701,USR200701,NFX100965,2023-04-26,165,81,Laptop,Premium,3,Mumbai,29,Email
VIEW300702,USR200702,NFX100580,2023-08-09,158,22,TV,Basic,2,Seoul,188,Homepage
VIEW300703,USR200703,NFX100169,2023-09-03,155,32,Laptop,Premium,1,Delhi,65,Search
VIEW300704,USR200704,NFX100700,2023-12-27,168,66,Tablet,Basic,1,Delhi,127,Email
VIEW300705,USR200705,NFX100510,2023-04-26,134,71,Laptop,Basic,2,New York,59,Homepage
VIEW300706,USR200706,NFX100583,2023-06-06,119,63,Tablet,Standard,5,New York,167,Email
VIEW300707,USR200707,NFX100983,2023-05-04,46,29,Tablet,Premium,5,Delhi,191,Email
VIEW300708,USR200708,NFX100458,2023-04-11,30,95,TV,Basic,1,Seoul,43,Trending
VIEW300709,USR200709,NFX100528,2024-02-27,23,61,Laptop,Premium,5,Delhi,189,Email
VIEW300710,USR200710,NFX100340,2024-01-19,100,32,TV,Standard,5,Mumbai,87,Homepage
VIEW300711,USR200711,NFX100056,2024-01-11,69,44,Tablet,Standard,5,Toronto,199,Trending
VIEW300712,USR200712,NFX100217,2023-09-29,133,76,Mobile,Basic,1,Mumbai,38,Homepage
VIEW300713,USR200713,NFX100618,2024-01-05,32,43,Laptop,Standard,5,Delhi,117,Trending
VIEW300714,USR200714,NFX100815,2024-01-18,120,42,TV,Standard,3,Toronto,234,Homepage
VIEW300715,USR200715,NFX100730,2023-12-07,133,55,Mobile,Standard,1,Delhi,287,Trending
VIEW300716,USR200716,NFX100463,2024-04-29,166,90,Laptop,Premium,2,Mumbai,291,Trending
VIEW300717,USR200717,NFX100246,2023-03-26,39,54,Laptop,Premium,5,Mumbai,159,Search
VIEW300718,USR200718,NFX100729,2023-11-16,124,28,TV,Basic,4,Seoul,169,Homepage
VIEW300719,USR200719,NFX100372,2023-10-15,99,96,Mobile,Basic,1,Seoul,186,Email
VIEW300720,USR200720,NFX100416,2023-03-02,47,24,TV,Standard,2,Mumbai,243,Trending
VIEW300721,USR200721,NFX101054,2023-07-19,92,87,Laptop,Standard,3,Toronto,141,Homepage
VIEW300722,USR200722,NFX100367,2023-10-28,36,75,Laptop,Basic,2,Seoul,270,Trending
VIEW300723,USR200723,NFX100558,2024-02-07,113,48,Tablet,Standard,5,Seoul,191,Search
VIEW300724,USR200724,NFX100107,2024-03-25,125,27,Laptop,Basic,4,London,44,Search
VIEW300725,USR200725,NFX100583,2023-08-22,24,79,Laptop,Premium,5,London,171,Search
VIEW300726,USR200726,NFX100838,2023-07-28,12,68,Mobile,Standard,2,Seoul,264,Search
VIEW300727,USR200727,NFX100417,2023-11-16,19,41,Mobile,Standard,1,Delhi,147,Email
VIEW300728,USR200728,NFX100820,2024-06-26,129,30,Tablet,Standard,4,Toronto,208,Email
VIEW300729,USR200729,NFX100682,2023-11-05,154,49,Tablet,Premium,4,New York,180,Trending
VIEW300730,USR200730,NFX101139,2023-10-20,137,36,Tablet,Premium,2,Seoul,266,Homepage
VIEW300731,USR200731,NFX100255,2024-08-10,20,11,TV,Standard,5,London,256,Search
VIEW300732,USR200732,NFX101104,2024-06-08,142,89,TV,Basic,2,Toronto,204,Search
VIEW300733,USR200733,NFX100779,2023-11-12,78,48,Tablet,Premium,4,Toronto,203,Email
VIEW300734,USR200734,NFX101151,2023-01-26,73,95,TV,Standard,2,London,200,Email
VIEW300735,USR200735,NFX100837,2023-05-01,23,65,Laptop,Standard,4,Toronto,81,Search
VIEW300736,USR200736,NFX100914,2024-04-13,59,22,Tablet,Premium,5,Toronto,23,Homepage
VIEW300737,USR200737,NFX100234,2024-06-17,163,65,Tablet,Basic,1,London,66,Trending
VIEW300738,USR200738,NFX100552,2023-11-03,81,75,TV,Standard,1,Mumbai,285,Trending
VIEW300739,USR200739,NFX100180,2023-11-14,78,87,Mobile,Basic,2,Seoul,254,Trending
VIEW300740,USR200740,NFX100156,2023-12-05,144,65,Tablet,Basic,4,Delhi,231,Trending
VIEW300741,USR200741,NFX100570,2023-06-23,136,37,TV,Premium,1,New York,131,Homepage
VIEW300742,USR200742,NFX100856,2024-07-15,25,73,TV,Standard,4,Delhi,62,Homepage
VIEW300743,USR200743,NFX101047,2023-02-19,87,80,Mobile,Standard,5,Mumbai,208,Homepage
VIEW300744,USR200744,NFX100947,2023-03-13,110,91,Tablet,Basic,2,Mumbai,247,Email
VIEW300745,USR200745,NFX100591,2024-03-06,65,73,Mobile,Premium,4,Toronto,256,Search
VIEW300746,USR200746,NFX100133,2023-12-05,114,65,Laptop,Premium,2,Delhi,203,Homepage
VIEW300747,USR200747,NFX100420,2023-03-22,141,50,Mobile,Premium,4,Mumbai,244,Trending
VIEW300748,USR200748,NFX100212,2023-12-03,57,50,Mobile,Basic,4,Delhi,143,Homepage
VIEW300749,USR200749,NFX100899,2023-12-20,26,13,TV,Basic,5,Mumbai,126,Search
VIEW300750,USR200750,NFX100481,2023-10-12,120,66,Mobile,Standard,2,New York,53,Email
VIEW300751,USR200751,NFX100347,2023-11-16,173,39,Laptop,Premium,3,Mumbai,119,Trending
VIEW300752,USR200752,NFX100165,2024-01-17,79,97,TV,Basic,4,Delhi,255,Email
VIEW300753,USR200753,NFX100936,2023-08-24,89,93,Laptop,Premium,4,Toronto,11,Homepage
VIEW300754,USR200754,NFX100347,2023-05-14,102,55,Mobile,Basic,1,Delhi,223,Trending
VIEW300755,USR200755,NFX100848,2024-04-22,47,65,Laptop,Standard,2,London,81,Trending
VIEW300756,USR200756,NFX100397,2024-03-06,110,40,Laptop,Premium,3,Delhi,183,Homepage
VIEW300757,USR200757,NFX100582,2023-07-18,71,97,Mobile,Basic,5,New York,149,Homepage
VIEW300758,USR200758,NFX100725,2023-07-31,130,16,Mobile,Premium,3,Seoul,158,Search
VIEW300759,USR200759,NFX100307,2023-11-07,57,99,TV,Basic,5,New York,125,Homepage
VIEW300760,USR200760,NFX100990,2024-01-26,19,86,TV,Basic,3,New York,128,Homepage
VIEW300761,USR200761,NFX100797,2023-07-06,45,63,Tablet,Basic,3,Mumbai,154,Homepage
VIEW300762,USR200762,NFX100718,2024-01-22,166,17,TV,Premium,2,New York,272,Trending
VIEW300763,USR200763,NFX100465,2024-05-08,13,64,Mobile,Basic,1,Delhi,5,Search
VIEW300764,USR200764,NFX100098,2024-07-18,53,78,Laptop,Standard,3,Seoul,165,Trending
VIEW300765,USR200765,NFX100157,2023-06-06,65,53,Laptop,Premium,4,Toronto,248,Homepage
VIEW300766,USR200766,NFX100609,2023-11-17,51,22,TV,Standard,4,New York,255,Search
VIEW300767,USR200767,NFX100553,2024-02-06,123,29,TV,Standard,4,Delhi,68,Homepage
VIEW300768,USR200768,NFX100650,2023-03-04,150,87,Mobile,Premium,1,Mumbai,252,Trending
VIEW300769,USR200769,NFX100919,2024-07-09,170,41,Laptop,Basic,3,Mumbai,119,Trending
VIEW300770,USR200770,NFX100226,2023-10-24,30,69,Tablet,Standard,5,Toronto,299,Homepage
VIEW300771,USR200771,NFX100422,2023-12-23,88,59,Tablet,Premium,5,Toronto,5,Search
VIEW300772,USR200772,NFX101095,2023-02-10,78,36,TV,Basic,2,Delhi,45,Trending
VIEW300773,USR200773,NFX100242,2024-02-04,79,34,Tablet,Premium,1,Toronto,177,Homepage
VIEW300774,USR200774,NFX100529,2024-04-28,76,61,Mobile,Premium,3,Toronto,92,Email
VIEW300775,USR200775,NFX101068,2024-05-30,57,77,Tablet,Premium,4,Mumbai,102,Homepage
VIEW300776,USR200776,NFX100370,2024-03-16,170,30,TV,Basic,1,Delhi,92,Homepage
VIEW300777,USR200777,NFX100651,2023-03-30,45,27,Mobile,Standard,1,Seoul,255,Search
VIEW300778,USR200778,NFX100688,2024-06-01,170,48,Laptop,Standard,3,Toronto,145,Homepage
VIEW300779,USR200779,NFX100733,2023-08-07,168,24,Mobile,Premium,2,Delhi,75,Email
VIEW300780,USR200780,NFX100091,2023-07-12,158,62,TV,Premium,2,New York,141,Homepage
VIEW300781,USR200781,NFX101045,2023-05-12,36,47,TV,Basic,2,Mumbai,103,Email
VIEW300782,USR200782,NFX100171,2023-01-16,81,57,Tablet,Premium,4,Seoul,155,Trending
VIEW300783,USR200783,NFX101100,2024-03-20,110,61,Tablet,Premium,4,Mumbai,179,Homepage
VIEW300784,USR200784,NFX100178,2024-04-06,105,97,Laptop,Premium,3,Mumbai,171,Search
VIEW300785,USR200785,NFX100237,2023-08-02,137,81,Laptop,Standard,2,London,261,Homepage
VIEW300786,USR200786,NFX101158,2024-05-03,35,37,TV,Premium,3,Delhi,228,Email
VIEW300787,USR200787,NFX100876,2024-07-09,75,94,TV,Standard,2,New York,69,Email
VIEW300788,USR200788,NFX100901,2023-09-21,149,25,TV,Basic,1,Toronto,73,Search
VIEW300789,USR200789,NFX100279,2023-04-25,31,25,Laptop,Basic,5,New York,71,Email
VIEW300790,USR200790,NFX101042,2023-11-26,26,44,TV,Standard,5,Delhi,54,Homepage
VIEW300791,USR200791,NFX100739,2023-02-20,16,26,Laptop,Standard,2,Mumbai,95,Email
VIEW300792,USR200792,NFX100370,2023-02-15,116,82,TV,Standard,3,London,119,Homepage
VIEW300793,USR200793,NFX101135,2023-09-15,77,61,Mobile,Standard,4,Delhi,61,Homepage
VIEW300794,USR200794,NFX100869,2023-05-29,137,91,Mobile,Premium,2,Seoul,22,Email
VIEW300795,USR200795,NFX101018,2024-01-04,46,21,TV,Standard,2,Seoul,276,Search
VIEW300796,USR200796,NFX100220,2023-07-04,47,92,Mobile,Standard,4,Delhi,134,Trending
VIEW300797,USR200797,NFX100919,2023-04-08,105,57,Laptop,Standard,2,Toronto,273,Search
VIEW300798,USR200798,NFX100303,2023-03-10,148,31,Tablet,Premium,1,New York,84,Trending
VIEW300799,USR200799,NFX100437,2023-06-05,10,58,Mobile,Premium,4,New York,206,Search
VIEW300800,USR200800,NFX101193,2023-10-27,162,61,Tablet,Premium,1,Toronto,229,Homepage
VIEW300801,USR200801,NFX100374,2024-03-01,51,88,Mobile,Basic,5,London,163,Homepage
VIEW300802,USR200802,NFX100380,2023-12-27,161,10,Laptop,Premium,4,Mumbai,208,Email
VIEW300803,USR200803,NFX100985,2023-01-24,72,75,Mobile,Standard,4,Mumbai,141,Trending
VIEW300804,USR200804,NFX100013,2024-04-23,90,73,Mobile,Premium,3,Seoul,77,Trending
VIEW300805,USR200805,NFX100742,2024-08-14,17,17,TV,Premium,3,London,52,Email
VIEW300806,USR200806,NFX100668,2023-04-10,36,95,Tablet,Standard,4,Toronto,22,Search
VIEW300807,USR200807,NFX100499,2023-09-29,61,34,Tablet,Premium,5,Delhi,271,Email
VIEW300808,USR200808,NFX100564,2024-04-22,155,75,Laptop,Basic,2,New York,23,Search
VIEW300809,USR200809,NFX100529,2023-10-22,100,82,Laptop,Premium,3,Delhi,104,Email
VIEW300810,USR200810,NFX100491,2024-03-22,95,82,Tablet,Basic,5,New York,120,Trending
VIEW300811,USR200811,NFX100754,2023-12-17,25,86,TV,Basic,5,Delhi,78,Trending
VIEW300812,USR200812,NFX100299,2023-06-04,75,79,TV,Basic,3,Toronto,284,Search
VIEW300813,USR200813,NFX100814,2024-07-23,14,88,Tablet,Standard,2,Toronto,273,Trending
VIEW300814,USR200814,NFX100546,2023-01-09,91,60,Mobile,Premium,3,London,129,Trending
VIEW300815,USR200815,NFX100726,2024-04-16,140,62,Tablet,Basic,5,Delhi,120,Trending
VIEW300816,USR200816,NFX100730,2024-04-22,127,24,Mobile,Basic,1,Delhi,178,Trending
VIEW300817,USR200817,NFX100827,2023-08-05,90,59,Tablet,Premium,3,London,185,Homepage
VIEW300818,USR200818,NFX100601,2024-04-18,79,80,Mobile,Standard,5,London,230,Email
VIEW300819,USR200819,NFX101031,2023-08-20,124,84,TV,Standard,3,Toronto,161,Email
VIEW300820,USR200820,NFX100767,2023-06-18,16,47,Tablet,Basic,5,Toronto,168,Homepage
VIEW300821,USR200821,NFX100874,2023-05-05,59,49,Laptop,Standard,2,Seoul,75,Trending
VIEW300822,USR200822,NFX100936,2023-10-09,151,75,Mobile,Premium,5,Delhi,226,Email
VIEW300823,USR200823,NFX100130,2023-05-20,175,48,TV,Standard,4,Toronto,130,Email
VIEW300824,USR200824,NFX100607,2023-04-02,120,83,Laptop,Premium,1,Toronto,149,Email
VIEW300825,USR200825,NFX100025,2023-02-01,56,26,TV,Basic,5,Delhi,180,Search
VIEW300826,USR200826,NFX100634,2024-01-14,121,16,Mobile,Premium,3,London,156,Homepage
VIEW300827,USR200827,NFX100483,2023-04-06,170,48,Tablet,Basic,3,Delhi,186,Search
VIEW300828,USR200828,NFX100679,2023-08-09,52,77,TV,Premium,5,Mumbai,89,Search
VIEW300829,USR200829,NFX101074,2024-08-01,100,44,Tablet,Premium,4,Delhi,125,Homepage
VIEW300830,USR200830,NFX100004,2024-02-14,38,60,Tablet,Standard,5,Mumbai,133,Email
VIEW300831,USR200831,NFX100588,2023-03-03,137,56,TV,Premium,2,Delhi,10,Search
VIEW300832,USR200832,NFX101183,2023-10-08,142,45,TV,Basic,4,Mumbai,187,Email
VIEW300833,USR200833,NFX100207,2023-05-29,105,73,TV,Premium,5,Mumbai,42,Search
VIEW300834,USR200834,NFX100256,2023-07-31,126,98,Tablet,Basic,1,Delhi,120,Email
VIEW300835,USR200835,NFX100010,2023-02-04,79,22,Laptop,Basic,4,Seoul,106,Trending
VIEW300836,USR200836,NFX100948,2023-10-26,139,27,Mobile,Premium,5,Toronto,12,Trending
VIEW300837,USR200837,NFX100007,2024-01-03,79,30,Laptop,Standard,1,New York,222,Trending
VIEW300838,USR200838,NFX100935,2023-10-10,119,74,Tablet,Premium,5,Toronto,211,Homepage
VIEW300839,USR200839,NFX100031,2024-06-19,141,17,TV,Premium,2,Mumbai,82,Trending
VIEW300840,USR200840,NFX100539,2023-05-25,65,57,TV,Standard,3,Delhi,59,Search
VIEW300841,USR200841,NFX101004,2023-07-23,98,94,Mobile,Basic,5,Delhi,232,Email
VIEW300842,USR200842,NFX100386,2024-04-03,146,52,Mobile,Premium,4,Delhi,92,Email
VIEW300843,USR200843,NFX100639,2023-05-17,140,62,Laptop,Standard,5,Delhi,14,Email
VIEW300844,USR200844,NFX100206,2024-03-19,109,94,Laptop,Standard,5,Seoul,294,Email
VIEW300845,USR200845,NFX100556,2024-02-05,138,36,Mobile,Basic,5,New York,168,Search
VIEW300846,USR200846,NFX100347,2024-06-03,66,28,Tablet,Standard,5,London,243,Email
VIEW300847,USR200847,NFX100792,2023-05-04,153,32,Laptop,Basic,4,Mumbai,148,Search
VIEW300848,USR200848,NFX100233,2024-05-19,60,59,TV,Premium,4,New York,22,Search
VIEW300849,USR200849,NFX101067,2023-05-18,121,60,TV,Standard,5,Toronto,75,Email
VIEW300850,USR200850,NFX101005,2023-10-26,113,52,Tablet,Premium,3,London,179,Email
VIEW300851,USR200851,NFX100736,2023-04-02,136,60,Mobile,Standard,5,London,292,Email
VIEW300852,USR200852,NFX100941,2024-06-19,64,78,Laptop,Standard,4,Delhi,252,Search
VIEW300853,USR200853,NFX101165,2024-01-16,10,50,TV,Premium,2,New York,197,Homepage
VIEW300854,USR200854,NFX100175,2024-03-10,99,81,Mobile,Standard,5,Toronto,272,Search
VIEW300855,USR200855,NFX100448,2024-06-22,165,20,Laptop,Premium,5,Delhi,208,Homepage
VIEW300856,USR200856,NFX100591,2023-12-25,62,89,Tablet,Premium,5,Delhi,127,Email
VIEW300857,USR200857,NFX100081,2023-09-07,82,97,TV,Basic,5,Seoul,62,Search
VIEW300858,USR200858,NFX100134,2023-08-20,117,94,Tablet,Premium,1,Mumbai,205,Email
VIEW300859,USR200859,NFX100855,2024-02-05,159,61,Tablet,Basic,5,London,116,Homepage
VIEW300860,USR200860,NFX101164,2024-08-21,17,32,Tablet,Premium,4,Toronto,132,Homepage
VIEW300861,USR200861,NFX100439,2023-02-26,51,58,Laptop,Standard,4,London,40,Search
VIEW300862,USR200862,NFX101079,2023-07-11,164,47,Tablet,Premium,1,New York,238,Search
VIEW300863,USR200863,NFX100696,2024-06-17,176,56,Laptop,Standard,5,Mumbai,51,Search
VIEW300864,USR200864,NFX100418,2024-05-30,34,81,Laptop,Basic,3,Delhi,119,Search
VIEW300865,USR200865,NFX100087,2023-12-01,47,16,Tablet,Standard,5,Mumbai,259,Trending
VIEW300866,USR200866,NFX100655,2023-05-17,94,75,Tablet,Premium,4,Delhi,227,Trending
VIEW300867,USR200867,NFX101031,2023-06-16,161,86,Mobile,Standard,2,Mumbai,128,Email
VIEW300868,USR200868,NFX100214,2024-04-07,33,71,TV,Basic,2,Delhi,164,Homepage
VIEW300869,USR200869,NFX100551,2023-05-22,69,96,Mobile,Standard,3,London,100,Homepage
VIEW300870,USR200870,NFX100502,2023-08-11,120,38,TV,Standard,5,London,111,Email
VIEW300871,USR200871,NFX100698,2023-01-18,75,47,TV,Premium,1,London,124,Email
VIEW300872,USR200872,NFX100244,2024-03-12,151,93,Mobile,Premium,5,London,105,Email
VIEW300873,USR200873,NFX100308,2024-03-21,62,42,Mobile,Standard,3,Mumbai,107,Trending
VIEW300874,USR200874,NFX100230,2023-09-30,169,38,TV,Basic,3,Delhi,170,Email
VIEW300875,USR200875,NFX100154,2023-01-29,115,88,TV,Standard,3,London,190,Homepage
VIEW300876,USR200876,NFX101198,2023-06-13,105,32,TV,Basic,2,Mumbai,36,Email
VIEW300877,USR200877,NFX100847,2024-08-13,48,12,Laptop,Basic,5,Delhi,70,Search
VIEW300878,USR200878,NFX100114,2024-08-14,177,54,TV,Basic,5,Mumbai,183,Homepage
VIEW300879,USR200879,NFX100310,2023-07-12,51,17,Tablet,Standard,1,Seoul,271,Homepage
VIEW300880,USR200880,NFX100992,2023-10-20,120,95,Tablet,Basic,3,London,41,Homepage
VIEW300881,USR200881,NFX100299,2023-06-02,113,38,Tablet,Standard,3,New York,205,Trending
VIEW300882,USR200882,NFX101041,2024-07-28,86,11,Mobile,Basic,4,Mumbai,53,Trending
VIEW300883,USR200883,NFX100783,2024-06-30,17,59,Mobile,Basic,4,London,279,Homepage
VIEW300884,USR200884,NFX100011,2024-06-07,35,74,Mobile,Standard,2,Toronto,172,Search
VIEW300885,USR200885,NFX100231,2023-08-31,149,29,TV,Premium,5,Delhi,267,Homepage
VIEW300886,USR200886,NFX100954,2023-01-04,52,61,Tablet,Premium,1,Seoul,137,Trending
VIEW300887,USR200887,NFX100729,2024-04-27,119,94,TV,Standard,1,London,180,Search
VIEW300888,USR200888,NFX101017,2024-08-02,109,46,Laptop,Standard,3,Toronto,15,Homepage
VIEW300889,USR200889,NFX100998,2023-11-13,72,81,Laptop,Premium,1,Mumbai,205,Trending
VIEW300890,USR200890,NFX100302,2023-11-10,58,36,Mobile,Premium,3,Mumbai,7,Search
VIEW300891,USR200891,NFX100540,2023-08-03,124,56,Laptop,Premium,5,Toronto,218,Email
VIEW300892,USR200892,NFX100469,2023-05-19,164,15,Tablet,Standard,1,Seoul,36,Email
VIEW300893,USR200893,NFX100812,2024-07-28,146,69,Laptop,Basic,3,Toronto,52,Homepage
VIEW300894,USR200894,NFX100076,2023-05-25,176,54,Mobile,Standard,5,Delhi,256,Email
VIEW300895,USR200895,NFX101019,2024-08-20,74,53,TV,Premium,5,Mumbai,203,Trending
VIEW300896,USR200896,NFX100023,2024-04-18,80,92,Laptop,Basic,3,Toronto,93,Search
VIEW300897,USR200897,NFX101038,2023-08-05,16,27,Tablet,Standard,3,New York,113,Homepage
VIEW300898,USR200898,NFX100675,2024-03-10,89,74,Tablet,Premium,2,New York,295,Search
VIEW300899,USR200899,NFX100524,2023-07-24,76,34,Tablet,Standard,5,Toronto,112,Search
VIEW300900,USR200900,NFX100346,2023-05-31,147,36,TV,Basic,3,Delhi,44,Search
VIEW300901,USR200901,NFX100171,2023-11-10,110,16,Tablet,Premium,5,Mumbai,56,Trending
VIEW300902,USR200902,NFX100711,2023-08-22,104,53,Mobile,Standard,1,New York,116,Homepage
VIEW300903,USR200903,NFX100488,2024-06-21,96,38,Mobile,Basic,4,Toronto,299,Email
VIEW300904,USR200904,NFX100377,2024-03-01,100,53,Tablet,Basic,4,Toronto,72,Search
VIEW300905,USR200905,NFX101187,2024-03-03,112,45,Laptop,Standard,3,London,193,Search
VIEW300906,USR200906,NFX100371,2024-01-30,135,28,Tablet,Basic,3,Toronto,213,Search
VIEW300907,USR200907,NFX100999,2023-01-15,164,15,Mobile,Premium,5,Delhi,69,Trending
VIEW300908,USR200908,NFX100976,2024-07-02,122,34,Mobile,Basic,3,New York,66,Email
VIEW300909,USR200909,NFX100756,2024-01-10,13,40,Mobile,Standard,5,London,262,Search
VIEW300910,USR200910,NFX100476,2024-07-25,97,18,Laptop,Premium,3,New York,138,Trending
VIEW300911,USR200911,NFX100381,2024-07-14,160,93,Laptop,Basic,5,New York,126,Trending
VIEW300912,USR200912,NFX100154,2023-06-22,179,83,Laptop,Basic,3,Delhi,175,Search
VIEW300913,USR200913,NFX100256,2024-06-14,12,46,Mobile,Premium,2,Toronto,214,Search
VIEW300914,USR200914,NFX100673,2024-01-19,100,36,TV,Premium,5,Delhi,93,Trending
VIEW300915,USR200915,NFX100067,2023-06-28,12,22,Tablet,Basic,2,Toronto,171,Trending
VIEW300916,USR200916,NFX100343,2024-03-29,165,50,Tablet,Premium,2,London,32,Search
VIEW300917,USR200917,NFX100672,2024-06-21,90,75,Mobile,Standard,2,Delhi,242,Trending
VIEW300918,USR200918,NFX100390,2023-11-30,168,94,Laptop,Basic,2,Delhi,67,Trending
VIEW300919,USR200919,NFX100258,2024-08-05,147,33,TV,Standard,1,Seoul,259,Search
VIEW300920,USR200920,NFX100306,2024-07-30,103,53,TV,Basic,4,Mumbai,45,Search
VIEW300921,USR200921,NFX101118,2024-03-15,135,69,Laptop,Standard,1,Delhi,33,Homepage
VIEW300922,USR200922,NFX100949,2024-02-14,122,18,Tablet,Standard,3,Seoul,283,Email
VIEW300923,USR200923,NFX100969,2024-03-20,158,11,Tablet,Premium,3,Mumbai,84,Search
VIEW300924,USR200924,NFX100245,2024-02-17,109,65,TV,Basic,4,Toronto,55,Search
VIEW300925,USR200925,NFX100732,2023-04-15,62,39,TV,Premium,4,Toronto,116,Search
VIEW300926,USR200926,NFX100186,2024-07-19,96,31,Laptop,Premium,4,Toronto,94,Email
VIEW300927,USR200927,NFX100924,2023-03-07,98,84,Tablet,Basic,2,Seoul,233,Homepage
VIEW300928,USR200928,NFX100784,2023-07-21,63,90,TV,Standard,1,Seoul,154,Trending
VIEW300929,USR200929,NFX100407,2023-01-20,29,22,Tablet,Basic,3,Mumbai,247,Email
VIEW300930,USR200930,NFX101148,2023-10-16,122,80,TV,Basic,1,Toronto,142,Search
VIEW300931,USR200931,NFX100340,2023-10-14,58,25,Laptop,Basic,1,New York,139,Search
VIEW300932,USR200932,NFX100562,2024-08-13,144,54,Tablet,Premium,1,Delhi,93,Homepage
VIEW300933,USR200933,NFX100650,2023-03-24,38,74,TV,Basic,4,Seoul,19,Homepage
VIEW300934,USR200934,NFX100951,2023-03-09,57,20,TV,Basic,4,Seoul,178,Homepage
VIEW300935,USR200935,NFX101193,2023-09-29,22,79,TV,Basic,3,Seoul,94,Trending
VIEW300936,USR200936,NFX101062,2023-10-03,12,29,TV,Standard,3,Mumbai,217,Email
VIEW300937,USR200937,NFX100068,2023-07-24,11,72,Laptop,Standard,3,Toronto,65,Email
VIEW300938,USR200938,NFX100380,2023-08-06,25,99,Tablet,Standard,1,New York,224,Homepage
VIEW300939,USR200939,NFX100056,2024-03-01,103,21,Tablet,Standard,4,Delhi,65,Trending
VIEW300940,USR200940,NFX100849,2023-09-14,111,71,Mobile,Premium,2,Delhi,170,Email
VIEW300941,USR200941,NFX101122,2024-04-17,143,51,Tablet,Premium,1,Toronto,16,Search
VIEW300942,USR200942,NFX100915,2024-01-05,54,92,Mobile,Basic,5,New York,220,Search
VIEW300943,USR200943,NFX100324,2023-10-27,80,78,TV,Premium,1,Mumbai,81,Search
VIEW300944,USR200944,NFX100460,2024-06-30,142,67,Laptop,Standard,4,Seoul,236,Email
VIEW300945,USR200945,NFX100178,2024-08-18,65,14,Laptop,Basic,5,Seoul,116,Homepage
VIEW300946,USR200946,NFX100843,2023-12-10,136,36,TV,Basic,1,Toronto,70,Search
VIEW300947,USR200947,NFX100573,2024-07-12,41,37,Mobile,Standard,4,Delhi,186,Homepage
VIEW300948,USR200948,NFX100118,2023-07-02,58,35,TV,Standard,4,Seoul,208,Trending
VIEW300949,USR200949,NFX100548,2024-08-20,22,58,Laptop,Standard,2,Delhi,210,Search
VIEW300950,USR200950,NFX100645,2023-05-27,167,30,Laptop,Premium,1,Delhi,290,Trending
VIEW300951,USR200951,NFX100025,2023-01-28,34,10,Tablet,Basic,4,Toronto,109,Homepage
VIEW300952,USR200952,NFX101031,2023-10-22,69,67,Mobile,Standard,3,London,246,Email
VIEW300953,USR200953,NFX100968,2024-03-31,68,88,Tablet,Basic,4,London,239,Homepage
VIEW300954,USR200954,NFX100532,2023-07-17,165,64,Laptop,Basic,2,London,180,Search
VIEW300955,USR200955,NFX100148,2023-08-21,67,90,Laptop,Premium,4,New York,215,Search
VIEW300956,USR200956,NFX101048,2023-06-29,29,35,Tablet,Basic,1,Toronto,35,Homepage
VIEW300957,USR200957,NFX100654,2024-02-21,171,93,Tablet,Standard,1,Delhi,239,Search
VIEW300958,USR200958,NFX100944,2023-11-27,142,34,Laptop,Standard,5,Seoul,246,Search
VIEW300959,USR200959,NFX100554,2023-03-14,66,86,Tablet,Basic,1,New York,157,Trending
VIEW300960,USR200960,NFX100424,2023-02-11,63,42,Tablet,Basic,5,London,200,Email
VIEW300961,USR200961,NFX100292,2024-04-16,121,98,Mobile,Premium,3,Mumbai,273,Homepage
VIEW300962,USR200962,NFX100553,2024-01-20,95,81,Laptop,Standard,2,New York,174,Trending
VIEW300963,USR200963,NFX100430,2023-06-27,46,78,TV,Standard,3,New York,236,Search
VIEW300964,USR200964,NFX100603,2023-01-12,93,15,Mobile,Basic,5,Toronto,188,Trending
VIEW300965,USR200965,NFX100316,2023-12-25,57,32,TV,Basic,4,Seoul,279,Email
VIEW300966,USR200966,NFX100397,2024-08-12,127,39,Tablet,Basic,4,New York,36,Homepage
VIEW300967,USR200967,NFX100595,2024-07-08,57,87,Tablet,Standard,3,Seoul,181,Email
VIEW300968,USR200968,NFX100545,2023-05-15,121,63,TV,Basic,4,Toronto,69,Email
VIEW300969,USR200969,NFX100075,2024-05-16,119,96,Tablet,Premium,5,Mumbai,202,Trending
VIEW300970,USR200970,NFX100864,2024-04-05,15,20,Tablet,Premium,2,Delhi,31,Trending
VIEW300971,USR200971,NFX100915,2024-07-03,171,40,Mobile,Basic,1,Delhi,155,Email
VIEW300972,USR200972,NFX100708,2023-08-30,87,15,TV,Premium,5,London,272,Search
VIEW300973,USR200973,NFX100485,2023-08-15,32,20,Mobile,Premium,5,London,89,Homepage
VIEW300974,USR200974,NFX101111,2023-08-17,135,86,TV,Premium,1,Mumbai,70,Search
VIEW300975,USR200975,NFX100746,2024-01-19,93,21,Mobile,Premium,1,Delhi,137,Search
VIEW300976,USR200976,NFX101030,2023-07-04,22,75,Laptop,Premium,2,London,86,Homepage
VIEW300977,USR200977,NFX100549,2024-05-25,56,62,Laptop,Standard,2,Seoul,102,Trending
VIEW300978,USR200978,NFX100975,2023-10-25,53,45,TV,Basic,2,New York,77,Search
VIEW300979,USR200979,NFX101075,2024-01-11,114,26,Laptop,Premium,4,Toronto,34,Trending
VIEW300980,USR200980,NFX100941,2024-08-06,169,37,Mobile,Basic,5,London,129,Homepage
VIEW300981,USR200981,NFX100918,2024-05-26,163,31,TV,Premium,1,Mumbai,214,Search
VIEW300982,USR200982,NFX101166,2024-06-25,23,16,Laptop,Standard,5,Delhi,276,Trending
VIEW300983,USR200983,NFX100362,2024-02-15,130,24,Laptop,Standard,5,Mumbai,217,Trending
VIEW300984,USR200984,NFX100381,2023-02-21,45,20,TV,Premium,2,Toronto,137,Search
VIEW300985,USR200985,NFX100270,2023-02-26,17,33,Laptop,Premium,2,Toronto,161,Homepage
VIEW300986,USR200986,NFX101037,2023-06-24,177,76,Laptop,Premium,5,Mumbai,51,Email
VIEW300987,USR200987,NFX100297,2023-12-29,159,39,TV,Standard,2,London,26,Trending
VIEW300988,USR200988,NFX101003,2024-03-24,25,79,Laptop,Standard,4,London,87,Homepage
VIEW300989,USR200989,NFX100233,2023-04-13,100,75,Laptop,Basic,1,Delhi,238,Search
VIEW300990,USR200990,NFX100574,2023-10-24,129,70,Laptop,Standard,5,Seoul,64,Trending
VIEW300991,USR200991,NFX100026,2023-05-23,69,87,Laptop,Premium,1,Delhi,192,Trending
VIEW300992,USR200992,NFX100092,2024-07-05,19,50,Tablet,Basic,4,New York,62,Trending
VIEW300993,USR200993,NFX100616,2024-02-11,162,91,TV,Standard,2,Seoul,263,Homepage
VIEW300994,USR200994,NFX100308,2024-06-10,40,60,Tablet,Standard,3,New York,166,Trending
VIEW300995,USR200995,NFX100051,2023-05-31,30,53,Tablet,Premium,4,Delhi,6,Trending
VIEW300996,USR200996,NFX100318,2023-07-22,90,22,Mobile,Basic,3,Seoul,275,Search
VIEW300997,USR200997,NFX100180,2023-06-16,42,99,Tablet,Standard,1,Seoul,147,Trending
VIEW300998,USR200998,NFX101143,2023-11-24,40,21,Tablet,Standard,5,New York,192,Homepage
VIEW300999,USR200999,NFX100874,2023-07-02,158,91,Mobile,Premium,2,Mumbai,228,Search
VIEW301000,USR201000,NFX101066,2023-01-27,45,18,Laptop,Basic,4,London,184,Email
VIEW301001,USR201001,NFX100646,2024-07-07,141,94,Laptop,Basic,2,Seoul,27,Search
VIEW301002,USR201002,NFX100196,2023-12-27,77,57,Tablet,Basic,3,Seoul,41,Trending
VIEW301003,USR201003,NFX100644,2023-06-30,99,58,Mobile,Basic,3,New York,111,Email
VIEW301004,USR201004,NFX100970,2023-12-30,141,62,Laptop,Premium,5,Seoul,233,Search
VIEW301005,USR201005,NFX100254,2023-01-08,18,65,Mobile,Standard,3,New York,101,Trending
VIEW301006,USR201006,NFX100731,2023-05-05,39,49,TV,Standard,5,Mumbai,285,Search
VIEW301007,USR201007,NFX100335,2023-05-11,124,33,TV,Basic,4,Seoul,114,Homepage
VIEW301008,USR201008,NFX100989,2023-12-05,54,81,TV,Basic,5,Toronto,41,Trending
VIEW301009,USR201009,NFX100899,2024-07-18,13,42,TV,Basic,3,Delhi,44,Homepage
VIEW301010,USR201010,NFX100513,2023-03-18,78,32,Tablet,Standard,1,Mumbai,89,Trending
VIEW301011,USR201011,NFX100241,2024-01-14,32,86,TV,Standard,5,Toronto,192,Homepage
VIEW301012,USR201012,NFX100148,2023-02-17,25,63,TV,Basic,2,Mumbai,244,Email
VIEW301013,USR201013,NFX100756,2023-04-13,31,62,Mobile,Premium,1,London,23,Homepage
VIEW301014,USR201014,NFX100619,2023-11-08,81,58,Laptop,Standard,5,Mumbai,265,Search
VIEW301015,USR201015,NFX100452,2024-05-17,57,87,Mobile,Standard,2,Mumbai,162,Trending
VIEW301016,USR201016,NFX100211,2024-01-01,116,87,Tablet,Basic,1,London,116,Search
VIEW301017,USR201017,NFX100667,2024-05-17,142,89,TV,Premium,5,Seoul,148,Homepage
VIEW301018,USR201018,NFX100593,2023-10-09,16,58,Laptop,Basic,4,Delhi,260,Trending
VIEW301019,USR201019,NFX100130,2023-09-05,60,69,Laptop,Basic,2,Toronto,22,Homepage
VIEW301020,USR201020,NFX100611,2024-03-17,74,99,TV,Premium,4,New York,188,Email
VIEW301021,USR201021,NFX100255,2023-07-06,18,99,TV,Premium,3,Delhi,291,Email
VIEW301022,USR201022,NFX100560,2023-02-02,91,74,Tablet,Premium,5,Mumbai,135,Email
VIEW301023,USR201023,NFX100062,2024-01-18,54,41,Tablet,Standard,5,New York,285,Homepage
VIEW301024,USR201024,NFX100406,2023-12-09,131,88,TV,Basic,2,London,249,Homepage
VIEW301025,USR201025,NFX100801,2023-10-06,161,30,TV,Standard,5,Delhi,12,Email
VIEW301026,USR201026,NFX101128,2023-06-22,19,27,TV,Premium,3,Seoul,197,Homepage
VIEW301027,USR201027,NFX100014,2023-04-02,82,69,TV,Standard,5,Toronto,11,Search
VIEW301028,USR201028,NFX100258,2024-02-25,57,22,Laptop,Premium,1,Delhi,140,Homepage
VIEW301029,USR201029,NFX100722,2023-03-28,172,33,Tablet,Premium,4,Delhi,23,Search
VIEW301030,USR201030,NFX100613,2023-08-01,96,39,TV,Basic,3,Seoul,143,Email
VIEW301031,USR201031,NFX101068,2023-07-22,120,11,TV,Basic,3,New York,181,Homepage
VIEW301032,USR201032,NFX100812,2023-07-12,25,92,Laptop,Basic,4,London,15,Email
VIEW301033,USR201033,NFX100330,2023-04-09,62,34,Mobile,Standard,4,Seoul,45,Trending
VIEW301034,USR201034,NFX100164,2023-08-01,49,59,TV,Basic,3,London,118,Homepage
VIEW301035,USR201035,NFX101088,2023-05-24,109,23,Laptop,Premium,4,Seoul,184,Homepage
VIEW301036,USR201036,NFX100386,2023-08-01,29,15,Laptop,Basic,2,Delhi,198,Email
VIEW301037,USR201037,NFX101053,2023-08-19,78,85,Mobile,Standard,4,London,200,Email
VIEW301038,USR201038,NFX100327,2023-04-26,54,93,Tablet,Basic,1,New York,229,Email
VIEW301039,USR201039,NFX100319,2023-07-22,15,96,Tablet,Basic,1,New York,265,Trending
VIEW301040,USR201040,NFX100398,2023-05-26,48,39,Tablet,Basic,2,Toronto,120,Trending
VIEW301041,USR201041,NFX100104,2024-01-05,111,39,TV,Standard,4,London,154,Email
VIEW301042,USR201042,NFX100695,2024-04-20,139,47,Tablet,Premium,1,Toronto,122,Homepage
VIEW301043,USR201043,NFX101016,2023-07-27,116,67,TV,Premium,5,Seoul,169,Homepage
VIEW301044,USR201044,NFX100329,2023-06-23,48,50,TV,Premium,4,Mumbai,256,Email
VIEW301045,USR201045,NFX100659,2024-02-07,127,66,Laptop,Basic,2,New York,271,Search
VIEW301046,USR201046,NFX101070,2023-02-13,158,45,Tablet,Basic,4,Delhi,48,Trending
VIEW301047,USR201047,NFX100598,2024-07-21,177,73,Tablet,Standard,3,New York,185,Trending
VIEW301048,USR201048,NFX100820,2023-03-02,91,25,Tablet,Premium,3,Mumbai,81,Search
VIEW301049,USR201049,NFX100640,2024-06-16,63,97,TV,Basic,1,Delhi,120,Email
VIEW301050,USR201050,NFX100313,2023-02-05,119,87,TV,Basic,3,London,71,Homepage
VIEW301051,USR201051,NFX101170,2023-11-22,21,99,Tablet,Basic,2,London,17,Homepage
VIEW301052,USR201052,NFX100461,2023-12-19,174,81,TV,Standard,1,New York,96,Trending
VIEW301053,USR201053,NFX100485,2023-05-11,119,23,TV,Premium,2,Delhi,250,Search
VIEW301054,USR201054,NFX100409,2024-06-05,47,40,Mobile,Standard,2,Seoul,271,Homepage
VIEW301055,USR201055,NFX100026,2023-06-28,152,75,Mobile,Premium,3,Delhi,143,Trending
VIEW301056,USR201056,NFX101052,2023-05-30,16,77,Tablet,Premium,3,Toronto,248,Homepage
VIEW301057,USR201057,NFX100270,2023-01-01,87,74,Tablet,Basic,2,Mumbai,277,Homepage
VIEW301058,USR201058,NFX100685,2024-01-18,74,64,Mobile,Basic,3,London,195,Homepage
VIEW301059,USR201059,NFX100500,2023-02-11,111,93,TV,Basic,3,New York,101,Trending
VIEW301060,USR201060,NFX100384,2024-05-09,110,87,TV,Basic,3,Delhi,209,Search
VIEW301061,USR201061,NFX100059,2023-05-09,53,49,Laptop,Basic,4,London,141,Email
VIEW301062,USR201062,NFX101130,2024-02-28,40,34,Tablet,Premium,2,New York,81,Search
VIEW301063,USR201063,NFX100219,2023-12-29,86,34,Tablet,Basic,5,London,41,Homepage
VIEW301064,USR201064,NFX100770,2023-11-08,57,12,Tablet,Basic,2,New York,290,Search
VIEW301065,USR201065,NFX100563,2023-07-06,91,78,Laptop,Standard,1,London,139,Homepage
VIEW301066,USR201066,NFX100545,2023-12-12,136,35,Laptop,Standard,3,Seoul,146,Trending
VIEW301067,USR201067,NFX100095,2023-10-26,93,49,TV,Premium,3,Toronto,258,Trending
VIEW301068,USR201068,NFX100988,2023-04-25,19,47,Mobile,Premium,5,Mumbai,52,Trending
VIEW301069,USR201069,NFX101112,2023-10-09,38,47,Mobile,Standard,1,London,259,Homepage
VIEW301070,USR201070,NFX100827,2023-09-07,57,77,Mobile,Standard,4,Mumbai,138,Search
VIEW301071,USR201071,NFX100230,2023-10-20,125,16,TV,Basic,2,London,294,Email
VIEW301072,USR201072,NFX100967,2023-07-18,22,39,Mobile,Basic,4,Delhi,212,Email
VIEW301073,USR201073,NFX100274,2024-07-31,56,28,Laptop,Premium,1,Toronto,105,Trending
VIEW301074,USR201074,NFX100245,2023-08-28,112,44,Laptop,Standard,5,Seoul,50,Email
VIEW301075,USR201075,NFX100110,2024-06-28,100,42,Tablet,Premium,1,Toronto,74,Homepage
VIEW301076,USR201076,NFX100233,2023-11-10,62,42,Mobile,Basic,5,Mumbai,140,Search
VIEW301077,USR201077,NFX100416,2024-07-22,101,87,Laptop,Premium,4,Delhi,284,Email
VIEW301078,USR201078,NFX100677,2024-07-13,86,47,Tablet,Premium,4,New York,71,Email
VIEW301079,USR201079,NFX101151,2024-01-05,53,19,Mobile,Premium,1,Toronto,8,Search
VIEW301080,USR201080,NFX100802,2024-05-18,165,66,Mobile,Basic,1,Seoul,228,Email
VIEW301081,USR201081,NFX100618,2023-11-14,11,37,Laptop,Premium,3,Delhi,5,Search
VIEW301082,USR201082,NFX101151,2023-09-01,110,87,Tablet,Basic,5,Delhi,294,Homepage
VIEW301083,USR201083,NFX100706,2023-11-28,66,47,Tablet,Standard,3,Mumbai,113,Homepage
VIEW301084,USR201084,NFX100850,2024-01-21,66,25,Laptop,Premium,2,Seoul,269,Homepage
VIEW301085,USR201085,NFX100474,2024-03-31,43,30,Laptop,Premium,2,Delhi,67,Trending
VIEW301086,USR201086,NFX100654,2023-12-13,67,15,Laptop,Basic,1,Delhi,270,Homepage
VIEW301087,USR201087,NFX100394,2024-04-22,166,50,Mobile,Premium,4,New York,142,Email
VIEW301088,USR201088,NFX100110,2023-06-08,44,24,Laptop,Basic,2,Mumbai,48,Trending
VIEW301089,USR201089,NFX100089,2023-07-29,84,12,Laptop,Premium,2,Mumbai,266,Trending
VIEW301090,USR201090,NFX100762,2023-06-22,42,52,TV,Standard,3,Seoul,220,Trending
VIEW301091,USR201091,NFX101124,2024-03-31,124,56,Laptop,Standard,3,Delhi,125,Homepage
VIEW301092,USR201092,NFX100131,2023-10-12,84,23,Laptop,Standard,2,New York,156,Trending
VIEW301093,USR201093,NFX101036,2023-04-23,82,75,Mobile,Premium,1,London,217,Homepage
VIEW301094,USR201094,NFX100456,2023-05-17,87,38,Tablet,Premium,3,Toronto,238,Homepage
VIEW301095,USR201095,NFX100097,2024-02-01,18,13,Mobile,Standard,2,Mumbai,115,Trending
VIEW301096,USR201096,NFX101143,2023-07-06,57,35,TV,Standard,4,New York,226,Trending
VIEW301097,USR201097,NFX100292,2024-01-31,76,21,Laptop,Basic,3,Seoul,230,Email
VIEW301098,USR201098,NFX101024,2024-05-04,173,11,Laptop,Basic,2,New York,214,Trending
VIEW301099,USR201099,NFX100571,2023-08-12,128,26,Laptop,Standard,5,Delhi,75,Homepage
VIEW301100,USR201100,NFX100249,2024-03-31,142,44,Laptop,Standard,3,Toronto,93,Email
VIEW301101,USR201101,NFX100651,2023-03-26,128,19,Laptop,Premium,5,Mumbai,266,Email
VIEW301102,USR201102,NFX100148,2023-05-28,95,95,Laptop,Standard,3,London,192,Homepage
VIEW301103,USR201103,NFX100043,2024-01-21,115,52,TV,Basic,3,Delhi,116,Trending
VIEW301104,USR201104,NFX101067,2023-05-24,85,30,Laptop,Basic,5,Mumbai,243,Trending
VIEW301105,USR201105,NFX101101,2023-07-15,49,24,Laptop,Basic,1,Seoul,260,Search
VIEW301106,USR201106,NFX100161,2024-06-21,28,44,Laptop,Basic,2,Mumbai,154,Trending
VIEW301107,USR201107,NFX100252,2023-06-04,56,94,TV,Basic,1,New York,131,Search
VIEW301108,USR201108,NFX100131,2023-05-28,74,94,Laptop,Basic,1,Toronto,278,Email
VIEW301109,USR201109,NFX100473,2023-09-08,155,94,TV,Standard,2,London,143,Email
VIEW301110,USR201110,NFX101132,2023-10-04,39,69,Mobile,Basic,4,Toronto,107,Email
VIEW301111,USR201111,NFX100705,2024-04-12,135,53,Laptop,Basic,1,New York,246,Search
VIEW301112,USR201112,NFX101058,2023-01-08,75,14,Tablet,Basic,1,London,121,Homepage
VIEW301113,USR201113,NFX100274,2023-08-25,14,82,TV,Basic,1,London,218,Homepage
VIEW301114,USR201114,NFX100186,2024-07-13,102,27,Mobile,Standard,4,Delhi,21,Email
VIEW301115,USR201115,NFX100948,2023-03-06,106,30,TV,Premium,3,London,183,Search
VIEW301116,USR201116,NFX100242,2024-07-14,179,81,TV,Premium,5,Mumbai,228,Search
VIEW301117,USR201117,NFX100263,2023-07-23,103,83,Mobile,Premium,5,Toronto,274,Email
VIEW301118,USR201118,NFX100521,2023-01-15,115,60,Laptop,Premium,4,Seoul,138,Trending
VIEW301119,USR201119,NFX100962,2023-12-03,142,50,Laptop,Basic,1,Seoul,118,Email
VIEW301120,USR201120,NFX100782,2023-12-04,94,33,TV,Premium,5,Toronto,136,Search
VIEW301121,USR201121,NFX101110,2023-03-16,67,33,Mobile,Premium,4,Delhi,143,Trending
VIEW301122,USR201122,NFX100534,2024-03-14,88,47,Laptop,Standard,2,London,236,Homepage
VIEW301123,USR201123,NFX100209,2023-04-16,17,53,TV,Standard,5,New York,96,Trending
VIEW301124,USR201124,NFX100045,2024-02-29,168,66,Tablet,Standard,2,Mumbai,271,Homepage
VIEW301125,USR201125,NFX100025,2024-01-20,21,68,Mobile,Basic,1,Delhi,103,Search
VIEW301126,USR201126,NFX100174,2023-08-14,158,43,Tablet,Basic,5,London,211,Email
VIEW301127,USR201127,NFX100321,2023-07-17,103,84,Tablet,Basic,4,Seoul,12,Email
VIEW301128,USR201128,NFX101158,2024-04-18,100,91,TV,Standard,3,New York,97,Email
VIEW301129,USR201129,NFX100054,2024-06-01,42,32,Mobile,Premium,5,London,162,Email
VIEW301130,USR201130,NFX101179,2023-09-11,163,95,Laptop,Standard,5,Delhi,103,Email
VIEW301131,USR201131,NFX100667,2023-04-06,109,52,Laptop,Basic,5,New York,229,Search
VIEW301132,USR201132,NFX100146,2023-06-18,177,91,TV,Standard,5,New York,212,Search
VIEW301133,USR201133,NFX100598,2024-05-10,24,49,Laptop,Premium,4,New York,77,Email
VIEW301134,USR201134,NFX100019,2023-11-20,123,56,Laptop,Basic,4,New York,63,Trending
VIEW301135,USR201135,NFX100332,2024-04-28,138,50,Tablet,Premium,3,London,291,Email
VIEW301136,USR201136,NFX100906,2024-03-26,20,56,Tablet,Premium,4,New York,68,Homepage
VIEW301137,USR201137,NFX100943,2024-06-27,64,29,Mobile,Basic,4,London,260,Homepage
VIEW301138,USR201138,NFX100910,2023-03-24,11,86,Tablet,Premium,1,New York,52,Homepage
VIEW301139,USR201139,NFX100400,2024-03-27,74,74,Laptop,Standard,1,New York,283,Homepage
VIEW301140,USR201140,NFX100949,2024-07-20,25,77,Mobile,Premium,2,Delhi,202,Email
VIEW301141,USR201141,NFX100027,2024-04-13,159,33,Mobile,Premium,3,London,162,Homepage
VIEW301142,USR201142,NFX100466,2024-01-03,115,45,TV,Premium,1,Seoul,11,Trending
VIEW301143,USR201143,NFX100981,2023-01-19,155,54,Tablet,Standard,3,London,252,Email
VIEW301144,USR201144,NFX100100,2023-03-27,39,11,Mobile,Premium,3,Toronto,236,Homepage
VIEW301145,USR201145,NFX100550,2023-04-15,19,37,Laptop,Premium,5,Seoul,110,Email
VIEW301146,USR201146,NFX100801,2024-04-07,71,35,Mobile,Standard,3,Delhi,102,Email
VIEW301147,USR201147,NFX100352,2024-06-22,94,32,Mobile,Basic,5,London,272,Email
VIEW301148,USR201148,NFX100295,2023-09-28,143,88,TV,Basic,2,Delhi,64,Search
VIEW301149,USR201149,NFX100352,2024-03-12,76,45,Laptop,Basic,2,Seoul,144,Homepage
VIEW301150,USR201150,NFX100907,2023-09-21,50,15,Laptop,Premium,2,Delhi,194,Search
VIEW301151,USR201151,NFX101153,2024-05-12,27,44,Tablet,Basic,5,Delhi,129,Trending
VIEW301152,USR201152,NFX101018,2024-03-02,67,47,Laptop,Standard,5,Mumbai,167,Trending
VIEW301153,USR201153,NFX101179,2023-12-29,69,44,Mobile,Premium,2,London,64,Search
VIEW301154,USR201154,NFX101097,2024-01-23,97,83,Laptop,Premium,5,Delhi,35,Homepage
VIEW301155,USR201155,NFX101113,2024-04-08,36,62,Laptop,Premium,4,Mumbai,80,Email
VIEW301156,USR201156,NFX100454,2023-03-02,77,47,Mobile,Basic,4,Mumbai,247,Trending
VIEW301157,USR201157,NFX100711,2024-05-05,31,68,TV,Basic,5,New York,262,Trending
VIEW301158,USR201158,NFX100979,2024-04-18,161,52,Tablet,Basic,5,New York,194,Trending
VIEW301159,USR201159,NFX100738,2024-07-01,49,13,Tablet,Premium,1,Seoul,181,Homepage
VIEW301160,USR201160,NFX100976,2024-05-09,118,14,TV,Standard,1,London,292,Search
VIEW301161,USR201161,NFX100232,2024-07-11,83,77,Mobile,Premium,3,New York,298,Search
VIEW301162,USR201162,NFX101023,2024-03-09,75,54,Tablet,Standard,3,Seoul,211,Homepage
VIEW301163,USR201163,NFX100101,2023-08-24,177,89,TV,Premium,3,London,219,Trending
VIEW301164,USR201164,NFX100952,2023-08-14,15,34,TV,Standard,2,Seoul,145,Homepage
VIEW301165,USR201165,NFX100480,2024-04-26,121,87,TV,Premium,4,Mumbai,89,Homepage
VIEW301166,USR201166,NFX100107,2023-08-26,27,20,Tablet,Premium,2,Mumbai,186,Search
VIEW301167,USR201167,NFX101188,2024-07-30,90,38,Tablet,Standard,5,London,132,Homepage
VIEW301168,USR201168,NFX100972,2023-12-04,111,43,Tablet,Standard,1,Seoul,273,Homepage
VIEW301169,USR201169,NFX100703,2024-03-20,119,95,Tablet,Standard,5,Seoul,43,Trending
VIEW301170,USR201170,NFX100334,2024-05-15,39,23,Laptop,Standard,5,New York,27,Email
VIEW301171,USR201171,NFX100085,2023-07-02,131,33,TV,Standard,1,New York,246,Trending
VIEW301172,USR201172,NFX100733,2024-01-29,158,68,Laptop,Standard,5,London,111,Search
VIEW301173,USR201173,NFX100874,2024-04-23,71,48,TV,Standard,3,Toronto,146,Email
VIEW301174,USR201174,NFX100363,2024-02-26,147,35,Tablet,Standard,1,New York,149,Trending
VIEW301175,USR201175,NFX100059,2024-05-31,129,52,Tablet,Premium,5,Delhi,284,Homepage
VIEW301176,USR201176,NFX100559,2023-02-11,116,45,Laptop,Standard,3,New York,249,Homepage
VIEW301177,USR201177,NFX100116,2024-08-10,150,48,Mobile,Standard,3,Toronto,195,Email
VIEW301178,USR201178,NFX100873,2023-02-18,85,70,Tablet,Premium,4,Seoul,294,Email
VIEW301179,USR201179,NFX100914,2023-01-02,18,25,Mobile,Premium,3,Mumbai,183,Homepage
VIEW301180,USR201180,NFX100967,2024-03-27,48,68,TV,Basic,2,Mumbai,116,Search
VIEW301181,USR201181,NFX100998,2023-06-19,33,15,Laptop,Basic,1,Seoul,218,Trending
VIEW301182,USR201182,NFX100043,2023-05-07,134,65,Mobile,Standard,1,Mumbai,142,Homepage
VIEW301183,USR201183,NFX100508,2023-07-17,127,17,Mobile,Standard,1,New York,204,Trending
VIEW301184,USR201184,NFX101188,2023-10-20,43,36,Tablet,Basic,5,Mumbai,11,Trending
VIEW301185,USR201185,NFX100848,2023-01-23,70,80,Mobile,Basic,5,Toronto,17,Trending
VIEW301186,USR201186,NFX100916,2024-04-28,178,36,Mobile,Standard,2,Toronto,84,Trending
VIEW301187,USR201187,NFX100897,2024-02-02,142,98,TV,Basic,3,New York,290,Search
VIEW301188,USR201188,NFX100798,2024-07-07,88,55,Laptop,Standard,5,Seoul,163,Search
VIEW301189,USR201189,NFX100875,2024-03-28,59,50,Tablet,Premium,3,Delhi,276,Search
VIEW301190,USR201190,NFX100285,2024-04-28,141,88,Tablet,Premium,3,New York,205,Homepage
VIEW301191,USR201191,NFX100683,2024-06-17,60,34,Mobile,Basic,5,Mumbai,154,Homepage
VIEW301192,USR201192,NFX100818,2023-11-14,61,95,TV,Premium,5,New York,297,Homepage
VIEW301193,USR201193,NFX100120,2024-05-30,131,27,Mobile,Premium,2,Toronto,276,Search
VIEW301194,USR201194,NFX100944,2023-12-04,176,21,Mobile,Premium,4,New York,47,Trending
VIEW301195,USR201195,NFX101017,2023-09-25,17,96,Tablet,Premium,1,New York,19,Search
VIEW301196,USR201196,NFX100906,2023-05-29,122,60,Mobile,Standard,5,Delhi,252,Homepage
VIEW301197,USR201197,NFX100012,2024-02-21,54,48,Mobile,Standard,5,Toronto,176,Email
VIEW301198,USR201198,NFX100602,2023-03-27,97,98,TV,Basic,3,London,222,Homepage
VIEW301199,USR201199,NFX100199,2023-06-19,37,19,Tablet,Premium,4,London,141,Trending
